antig;cif;cp;ebitda_2016;empleados;municipio;name;owner;provincia;rank;resultado_2016;sector;ventas_2015;ventas_2016
35.0;A28857274;28290;;48.0;las matas;avnet iberia sa;bielefeld peter;madrid;24951;;Productos electrónicos / eléctricos;6298826.0;
22.0;B30520563;30191;379969.0;49.0;campos del rio;market suprem sl;concepcion pardo lopez;murcia;25049;180100.0;Minoristas (excepto alimentos y medicamentos);7047912.0;6266350.0
7.0;B73727349;30820;662841.0;343.0;alcantarilla;actua servicios y medio ambiente sl;angelnavarro lopez;murcia;25050;345179.0;Agricultura;2372928.0;6265572.0
32.0;A43094929;43710;99736.0;31.0;santa oliva;j mila sa;mila gaseulalia;tarragona;25066;27510.0;Productos alimenticios;5498702.0;6261072.0
20.0;A35528975;38001;355806.0;15.0;s/c de tenerife;importadora carnica canaria sa;garcia gonzalez angel mario;tenerife;25067;171612.0;Productos alimenticios;9063541.0;6260817.0
16.0;A82035437;28012;1507954.0;25.0;madrid;six flags sa;de frutos aguado jose luis;madrid;25068;1204486.0;Productos / actividades de ocio / Películas;5801670.0;6259698.0
36.0;A46179107;46291;553689.0;;benimodo;m r fabricacion sa;ramis lucas jose javier;valencia;25069;224441.0;Muebles para el hogar / Equipar;5026394.0;6259018.0
20.0;B29900404;29130;152884.0;;alhaurin torre;congelados robledo sl;;málaga;25070;34953.0;Productos alimenticios;5803275.0;6258837.0
39.0;A29056348;29649;2240388.0;39.0;mijas;ranchos reunidos sa;kelly david kevin;málaga;25071;2258458.0;Inmobiliarias y similares;2816412.0;6258498.0
42.0;A37014156;37439;182572.0;37.0;castellanos de moriscos;chacinerias diaz sa;diaz nafria carlos;salamanca;25072;83501.0;Productos alimenticios;6644779.0;6258367.0
36.0;A03103421;03113;;57.0;alicante;auto recambios vicente sa;escolano perez aida;alicante;25073;;Automotor;6258270.0;
32.0;A36039279;36626;572290.0;14.0;illa de arousa;aurelio silva abalo sa;charlin gama josefa;pontevedra;25074;355114.0;Productos alimenticios;6232231.0;6258164.0
14.0;B84087725;00000;210600.0;14.0;villaviciosa de odon;s i h madrid 2004 sl;calderoni juan bautista;;25075;91921.0;Minoristas (excepto alimentos y medicamentos);5137438.0;6257911.0
27.0;B36158897;36600;162649.0;19.0;villagarcia de arosa;maderas j redondo sl;redondo folgar verisimo;pontevedra;25076;65837.0;Industria maderera;6004909.0;6257396.0
22.0;B09316126;;370693.0;25.0;burgos;asercomex logistics sl;sanchez villaescusa eduardo;burgos;25077;158690.0;Transporte aéreo;7632942.0;6257253.0
15.0;B83744060;28002;15030.0;;madrid;adial higiene sl;jen quimica sl;madrid;25078;7484.0;Productos cosméticos / Cuidado Personal;7785550.0;6256920.0
;B50069020;50720;463510.0;24.0;cartuja baja;la baturrica sl;;zaragoza;25079;325431.0;Productos alimenticios;5557262.0;6255545.0
;B21130281;21410;-7158.0;13.0;isla cristina;expo vent de pesca sl;cordero jimenez juan jesus;huelva;25080;-11455.0;Productos alimenticios;6545392.0;6255254.0
32.0;A48211205;48005;646654.0;46.0;bilbao;centro de actividades culturales teatro arriaga sa;aburto rique juan maria;vizcaya;25081;0.0;Productos / actividades de ocio / Películas;6582341.0;6255129.0
11.0;B92836279;29590;794976.0;14.0;campanillas;caserven vending sl;gruparpa s;málaga;25082;201314.0;Minoristas (excepto alimentos y medicamentos);6234166.0;6254913.0
33.0;A08973711;08907;1186711.0;34.0;l´hospitalet del llobregat;brinox sa;barbosa reina anna maria;barcelona;25083;752448.0;Equipamiento industrial en metal;6234706.0;6254306.0
3.0;B75139675;20115;393506.0;25.0;astigarraga;maquinas pneumaticas rotativas xxi sl;mpr partners 2015 sa;guipúzcoa;25084;261971.0;Equipos industriales;8003647.0;6254147.0
;B62521828;28001;453179.0;120.0;madrid;profile software services sl;infiesta gonzalez ernesto;madrid;25085;277572.0;Consultoría empresarial y otros;5495903.0;6254066.0
23.0;A41750977;41014;6230000.0;;sevilla;sociedad inversora en energia y medioambiente sa;enrile villagran juan;sevilla;25086;-194314000.0;Construcción y Desarrollo;1764000.0;6254000.0
;B30578454;30169;266082.0;;san gines;manufacturas adelplast sl;jeronimohernandez sanchez;murcia;25087;199718.0;Productos químicos y plásticos;5096829.0;6253580.0
23.0;B22178503;22006;209004.0;21.0;huesca;suministros electricos huesca sl;ileraudi slp;huesca;25088;124941.0;Productos electrónicos / eléctricos;5995972.0;6253147.0
18.0;B04354882;04640;261036.0;30.0;pulpi;servicios tecnicos napal sl;auditores del este s;almería;25089;111928.0;Construcción y Desarrollo;4026301.0;6253101.0
30.0;B29905940;52001;547370.0;17.0;melilla;carmelo martinez rodriguez sl;martinez lazaro juanantonio;melilla;25090;434009.0;Transporte terrestre;7236390.0;6253064.0
;B03172483;03440;2204957.0;30.0;ibi;deibi sl;valls  bono fernando;alicante;25091;1599737.0;Productos químicos y plásticos;5802725.0;6252832.0
;B73112955;30817;783380.0;44.0;lorca;primalum canales sl;bnfix audiest auditores sap;murcia;25092;352882.0;Acero;5563994.0;6252818.0
23.0;A60885316;03008;;;alicante;cimsa cementos españa sa;ozhatay nevra;alicante;25093;;Construcción y Desarrollo;6252636.0;
36.0;A37027521;37184;262254.0;33.0;villares reina;seauto sa;sanchez sanchez maria;salamanca;25094;144913.0;Automotor;6049211.0;6251193.0
26.0;A80309149;08007;1637024.0;22.0;barcelona;tratamientos y recuperaciones industriales sa;fcc medio ambiente sa;barcelona;25095;1039140.0;Servicios & Equipos Ecológicos;7441603.0;6251184.0
27.0;B59937672;08785;-69900.0;43.0;vallbona d'anoia;saifor sl;uhy fay & co auditores asesores slp;barcelona;25096;-1282008.0;Muebles para el hogar / Equipar;8913027.0;6250697.0
16.0;B36424869;36416;989482.0;38.0;mos;copo galicia sl;grupo copo de inversiones s;pontevedra;25097;566581.0;Automotor;5382289.0;6250527.0
22.0;B96575543;46450;1013979.0;;benifaio;gomezmadrid soluciones metalicas sl;gomez madrid miguel angel;valencia;25098;683066.0;Equipamiento industrial en metal;4623735.0;6250444.0
32.0;A26053363;26006;183526.0;;logroño;distribuidora perea sa;lopez perea dimas;rioja;25099;31924.0;Minoristas de alimentos / medicamentos;5486024.0;6250441.0
25.0;B32171001;32911;315680.0;9.0;pereiro de aguiar;jugueterias reunidas sl;at consultores & auditores sl;ourense;25100;227742.0;Productos / actividades de ocio / Películas;7309780.0;6249625.0
14.0;B36475325;36791;107147.0;13.0;tomiño;comercializadora de plantas de galicia sl;vidaplan sl;pontevedra;25140;26983.0;Agricultura;5726197.0;6237442.0
;B30227433;30006;3402738.0;32.0;murcia;gestimur sl;salvador torralba cabeza;murcia;25141;2355111.0;Productos alimenticios;3368231.0;6236981.0
;B25212259;50016;663828.0;36.0;zaragoza;transpalle sl;palle muñoz julio;zaragoza;25142;153924.0;Transporte terrestre;5757385.0;6236471.0
8.0;B86064581;28020;707491.0;14.0;madrid;origen world wide sl;landoy gestionsl;madrid;25143;371872.0;Consultoría empresarial y otros;7436814.0;6236273.0
27.0;B59555342;08140;66422.0;15.0;caldes de montbui;distribucions asociades del valles sl;safont torras oriol;barcelona;25144;25511.0;Servicio de comida;5884918.0;6236181.0
;B60635703;08020;881543.0;;barcelona;horno belcan sl;belmonte ibañez antonio;barcelona;25145;483463.0;Productos alimenticios;5481067.0;6235922.0
14.0;B63431548;08401;444655.0;47.0;granollers;aluminios valverde del valles sl;valverde garcia manuel;barcelona;25146;122761.0;Equipamiento industrial en metal;5849871.0;6235905.0
21.0;B29819059;29603;557973.0;;marbella;hospital ochoa marbella sl;fay & co auditores srl;málaga;25147;100163.0;Cuidado de la salud;5073424.0;6235744.0
7.0;A86136520;28760;58627.0;21.0;tres cantos;g f packaging españa sa;flotats martinez manuel;madrid;25148;83803.0;Productos electrónicos / eléctricos;6344491.0;6235669.0
45.0;A28329704;28914;314652.0;17.0;leganes;krape sa;fernandez cruz alfredo;madrid;25149;222232.0;Productos fármacos / Medicamentos;5803091.0;6235190.0
35.0;B08827941;08940;228130.0;40.0;cornellá de llobregat;bunyespo sl;bundo alsina blanca;barcelona;25150;30718.0;Muebles para el hogar / Equipar;6222552.0;6234873.0
35.0;A08829426;08403;359388.0;17.0;granollers;abratools sa;de lapuente montfort emma;barcelona;25165;243786.0;Equipos industriales;5657476.0;6228748.0
17.0;B62646005;08007;-1180312.0;10.0;barcelona;noventure sl;rovirosa escosura mario;barcelona;25166;-1027684.0;Productos fármacos / Medicamentos;10076031.0;6228149.0
27.0;B03664067;03290;;57.0;elche;autocentro elektra sl;b;alicante;25167;;Automotor;6227602.0;
13.0;B72001282;11206;188725.0;65.0;algeciras;activa y servicios mantenimientos integrales sl;cantalejo granadosjuan raul;cádiz;25168;142083.0;Equipos y servicios comerciales;5225037.0;6227388.0
20.0;A36321883;36416;4829460.0;30.0;mos;grupo empresarial copo sa;copo inversiones sa;pontevedra;25169;3694711.0;Automotor;6601998.0;6226328.0
8.0;B85979946;28053;318253.0;4.0;madrid;sgmfruit españa sl;rodriguez fernandezmarcos;madrid;25170;210389.0;Productos alimenticios;5325318.0;6225996.0
21.0;B31602212;31860;501922.0;;irurzun;navanor logistics sl;hernandez perez maria carmen;navarra;25171;69002.0;Transporte terrestre;7290379.0;6225851.0
24.0;B17390758;17178;375687.0;20.0;les preses;j curos sl;auditoria i control auditorsslp;girona;25172;230403.0;Productos alimenticios;6571011.0;6225197.0
35.0;B35907450;35100;684064.0;316.0;s. bartolome tirajana;gesgrup siete outsourcing sl;aguilar huguet oriol;palmas;25173;500357.0;Otros / varios;5220917.0;6224594.0
21.0;B17533670;17520;276347.0;;puigcerda;armengol morales sl;;girona;25174;140703.0;Minoristas (excepto alimentos y medicamentos);6346776.0;6224073.0
31.0;B29222734;29630;2178600.0;;benalmadena;agoster sl;docampo esteban patricia maria;málaga;25175;1399180.0;Alojamiento y casinos;5339350.0;6223880.0
65.0;A08087983;04638;2511900.0;;mojacar;residencial vilafortuny sa;princess group sarl;almería;25176;1489640.0;Alojamiento y casinos;5449200.0;6223740.0
24.0;B30414700;30591;484197.0;27.0;balsicas;acom desarrollo sl;maria de los angeles vallelosada;murcia;25177;11309.0;Agricultura;6371766.0;6223650.0
;A46087748;46185;418609.0;23.0;la pobla de vallbona;exclusivas centro sa;disbase sl;valencia;25178;291468.0;Productos alimenticios;6302812.0;6223563.0
28.0;A02120368;02434;1545021.0;31.0;letur;cantero de letur sa;cuervoarango lecinapablo;albacete;25179;970571.0;Productos alimenticios;5097617.0;6223119.0
;B50534841;50300;447582.0;;calatayud;transportes alfredo caballero sl;caballero tomey maria-pilar;zaragoza;25180;204054.0;Transporte terrestre;5774873.0;6222859.0
21.0;B04272795;04745;741181.0;110.0;la mojonera;escudero y mateu sl;alaris auditores y consultores sociedad limitada p;almería;25181;295469.0;Agricultura;6009062.0;6222803.0
18.0;A92152602;29730;351523.0;134.0;rincon de la victoria;empresa mixta de medio ambiente de rincon de la victoria sa;salado escaño jose francisco;málaga;25182;-59023.0;Servicios & Equipos Ecológicos;6553835.0;6222766.0
11.0;B99168643;28001;4729513.0;;madrid;deers green power development company sl;hanon christine jennifer;madrid;25183;-1379811.0;Utilities / Servicios de utilidad pública;6466405.0;6221970.0
28.0;A79434718;28033;-1395853.0;52.0;madrid;genomica sa;fernandez sousa faro jose maria;madrid;25184;-2295859.0;Cuidado de la salud;6085552.0;6221315.0
98.0;A08002941;08008;4487289.0;10.0;barcelona;fisa 74 sa;coma cros raventos joan;barcelona;25185;3098782.0;Inmobiliarias y similares;5671356.0;6221137.0
;B25247313;25616;411954.0;58.0;montgai;tallers gili 98 sl;gili mirojordi o jorge;lleida;25186;272869.0;Equipos industriales;6469361.0;6220997.0
15.0;B14651004;14550;159623.0;7.0;montilla;fuel energy sl;ruiz roldan juan antonio;córdoba;25187;71414.0;Minoristas (excepto alimentos y medicamentos);7671946.0;6220947.0
19.0;B82347873;28231;426188.0;49.0;las rozas de madrid;cogen energia españa sl;bergesen morten;madrid;25188;451234.0;Utilities / Servicios de utilidad pública;5730842.0;6220937.0
20.0;B73002602;30739;442284.0;7.0;torre-pacheco;agroquimicos marsan sl;andres cobacho rabal;murcia;25189;266825.0;Agricultura;5397187.0;6220716.0
;A28659811;28864;2031246.0;43.0;ajalvir;alcamar sa;de sancha bech luis manuel;madrid;25190;308653.0;Equipos y servicios comerciales;5518861.0;6220699.0
20.0;B61713731;08190;4823641.0;6.0;sant cugat del valle;giga game system sl;conei compañia internacional deinversiones sl;barcelona;25191;4435345.0;Consultoría empresarial y otros;12357399.0;6220539.0
12.0;B60734639;08184;350151.0;37.0;palau plegamans;laboratorios entema sl;;barcelona;25192;251678.0;Productos cosméticos / Cuidado Personal;5129636.0;6220364.0
33.0;A31149339;31110;313713.0;45.0;noain;red logistica navarra sa;navarroperomingo alberto;navarra;25193;188122.0;Transporte terrestre;6238693.0;6220062.0
;A58454992;08830;267275.0;17.0;sant boi de llobregat;mb smerwick sa;david luis buch;barcelona;25194;116938.0;Ropa / textiles;5412456.0;6219880.0
20.0;B25200072;25240;168003.0;10.0;linyola;farratges nabau sl;caumons sangra maria dolores;lleida;25195;88973.0;Agricultura;6180341.0;6219753.0
30.0;A03315637;03001;6867.0;65.0;alicante;sestibalsa alicante sa de gestion de estibadores portuarios;oviedo raposofrancisco jose;alicante;25196;;Transporte marítimo;5992116.0;6219490.0
31.0;A21044433;21360;237333.0;;jabugo;embutidos jabugo sa;carrasco cabrera antonio;huelva;25197;32033.0;Productos alimenticios;5619120.0;6219483.0
27.0;B36724128;36312;315876.0;30.0;vigo;dis rivas sl;suarez fernandez jose luis;pontevedra;25198;184389.0;Minoristas (excepto alimentos y medicamentos);5994462.0;6219419.0
37.0;B46156154;46410;499322.0;47.0;sueca;etiquetas y graficas sl;baldovi mari fermin;valencia;25199;215571.0;Industria maderera;5062389.0;6219387.0
15.0;B01349703;01005;1081220.0;;vitoria;clinica dental anitua sl;anitua aldecoa eduardo;álava;25200;778132.0;Cuidado de la salud;5924502.0;6219316.0
4.0;B65030496;08017;-4958000.0;32.0;barcelona;hotel management 6 gestion activa sl;hernandez puertolas pavia alejandro;barcelona;25202;-4089000.0;Alojamiento y casinos;6878000.0;6219000.0
16.0;B62870860;08302;30666.0;;mataro;zaramat 44 sl;;barcelona;25203;10755.0;Ropa / textiles;10640258.0;6217876.0
28.0;A29422003;36214;912459.0;44.0;vigo;optimar spain sa;saetre havard;pontevedra;25204;614958.0;Equipos industriales;7689753.0;6217607.0
25.0;B40130551;40250;803754.0;;mozoncillo;herfruit sl;lopez alvarez auditores sl;segovia;25205;568682.0;Productos alimenticios;6431029.0;6217502.0
13.0;A84451368;28013;12555.0;14.0;madrid;descubre viajes en el mundo sa;nogales basarrate maria luisa;madrid;25206;58711.0;Productos / actividades de ocio / Películas;5267214.0;6214367.0
;B78871639;28006;2474012.0;11.0;madrid;onchena sl;alsedo solis jose manuel;madrid;25207;-1638653.0;Inmobiliarias y similares;46737154.0;6214162.0
8.0;B65412587;08022;12663.0;104.0;barcelona;csc atencio social sl;ferre montañes manel joaquim;barcelona;25208;-6031.0;Cuidado de la salud;6099423.0;6213740.0
31.0;A07232861;07006;1080585.0;102.0;palma de mallorca;finca los naranjos sa;vives cerda juan;baleares;25209;195088.0;Alojamiento y casinos;5431546.0;6213662.0
7.0;B76099100;35008;329644.0;17.0;las palmas de gran c;frande pesca sl;santana moreno maria sandra;palmas;25210;189981.0;Productos alimenticios;5639987.0;6213612.0
21.0;B50712975;50500;-75609.0;53.0;tarazona;chemik tarazona sl;lopez cacho ernesto;zaragoza;25211;-167064.0;Productos electrónicos / eléctricos;6587093.0;6213243.0
15.0;B39557129;39004;-346330.0;46.0;santander;fernandez rosillo y compañia sl;elena fernandez rosillo torcida;cantabria;25212;-591824.0;Construcción y Desarrollo;11582757.0;6212801.0
9.0;B85612950;28037;242734.0;132.0;madrid;desarrollos informaticos diusframi sl;diaz usero concepcion;madrid;25213;157045.0;Consultoría empresarial y otros;4996855.0;6212749.0
32.0;B58295536;08192;45449.0;31.0;st quirze del valles;kartsana sl;luengo perez modesto;barcelona;25214;-152979.0;Cuidado de la salud;7655825.0;6212685.0
15.0;B25536251;25500;180442.0;31.0;pobla de segur la;ecologica dels pirineos sl;chimisana jordana marc;lleida;25215;36858.0;Productos alimenticios;4125770.0;6212538.0
11.0;B85217677;28002;4142308.0;;madrid;parque eolico rodera alta sl;grupo empresarial inverduero s;madrid;25216;-509775.0;Utilities / Servicios de utilidad pública;6428807.0;6212385.0
34.0;A08957904;08100;1321665.0;33.0;mollet del valles;cpq iberica sa;serrano alcazar manuel;barcelona;25217;1083454.0;Productos químicos y plásticos;6766724.0;6212132.0
22.0;B50681139;50342;450928.0;32.0;paracuellos de jiloca;frutas erruz sl;;zaragoza;25218;175388.0;Productos alimenticios;5133444.0;6211653.0
12.0;B84598192;28612;1747275.0;10.0;madrid;galatzo inversiones sl;hinojosa fernandez de angulo gonzalo;madrid;25219;546560.0;Alojamiento y casinos;5292422.0;6211607.0
24.0;B60654340;17451;930744.0;;sant feliu de buixalleu;plus-felt sl;enric villagrasa pic;girona;25220;262936.0;Automotor;4935385.0;6211548.0
6.0;B30868194;30700;214027.0;22.0;torre pacheco;bakkavor iberica sl;gary martin spratt;murcia;25221;124328.0;Transporte terrestre;5858697.0;6210817.0
21.0;B04272852;04230;130018.0;44.0;huercal de almeria;distribuidora de bebidas alhabia sl;;almería;25222;69883.0;Bebidas y Tabaco;6291122.0;6210314.0
25.0;B60374923;08210;111757.0;42.0;barbera del valles;pintados y derivados sl;serrat auditors sl;barcelona;25223;38108.0;Equipamiento industrial en metal;5732178.0;6210121.0
15.0;B63225254;08221;601080.0;399.0;terrassa;diswork sl;pujals gomis jorge;barcelona;25224;469929.0;Inmobiliarias y similares;5364868.0;6209949.0
;B30605539;30395;1082504.0;53.0;cartagena;roymaga sl;mariano roca aparicio;murcia;25225;1105278.0;Productos alimenticios;4970855.0;6209418.0
44.0;A28347243;28500;301933.0;29.0;arganda del rey;aerosoles preval sa;rodriguez-gimeno wiggin pablo maria;madrid;25226;200719.0;Productos químicos y plásticos;6183118.0;6209066.0
11.0;B85038594;28001;4949000.0;;madrid;serrezuela solar viii sl;velaenergy holdings sl;madrid;25227;-454000.0;Utilities / Servicios de utilidad pública;6493000.0;6209000.0
14.0;B53875357;30840;102906.0;;alhama de murcia;tamaric levante sl;giro castañer jorge;murcia;25228;36628.0;Minoristas de alimentos / medicamentos;5929088.0;6208583.0
31.0;B46401329;46393;518093.0;;loriguilla;cristaleria crevillente sl;fernandez bustos alberto;valencia;25229;49968.0;Contenedores y productos de vidrio;5522715.0;6208399.0
20.0;A11075165;11520;-7886147.0;3.0;rota;minthra gestion de proyectos sa;castellano moreno jose;cádiz;25230;-6187171.0;Construcción y Desarrollo;4166609.0;6208027.0
46.0;A38009635;38009;81671.0;28.0;santa cruz de tenerife;comercial atlantica de vehiculos de tenerife sa;garcia padron juan jorge;tenerife;25231;24250.0;Automotor;6243392.0;6207230.0
28.0;A33697640;33438;-280849.0;82.0;carreño;instalaciones y tecnicas electricas asturianas sa;infanzon inversiones inmobiliarias sl;asturias;25232;-233213.0;Construcción y Desarrollo;11737446.0;6206609.0
23.0;B11366473;11500;150958.0;12.0;el puerto de santa maria;maldonado lopez de carrizosa sl;maldonado lopez de carrizosa francisco javier;cádiz;25233;8930.0;Petróleo y gas;7228986.0;6206466.0
12.0;B31906175;31620;875399.0;;huarte-pamplona;vicarli recicling sl;nuin lacheta jose javier;navarra;25234;312855.0;Servicios & Equipos Ecológicos;6109519.0;6206427.0
32.0;A29194206;29590;1378966.0;44.0;malaga;parque cementerio de malaga sa;del rio escobar jose;málaga;25235;410166.0;Otros / varios;6274024.0;6206363.0
9.0;B99237364;50190;1278022.0;85.0;zaragoza;deutsche windtechnik sl;mozo herrera javier;zaragoza;25236;899005.0;Consultoría empresarial y otros;5425818.0;6206351.0
11.0;B17370180;17002;-45683.0;6.0;girona;galveston sl;monica lopez medrano;girona;25237;-621839.0;Inmobiliarias y similares;2563399.0;6206341.0
37.0;B12032983;12100;188429.0;82.0;grao castellon;montajes y servicios mecanicos alva sl;rodriguez de diosbenlloch ignacio leocadio;castellón;25238;83355.0;Equipamiento industrial en metal;5223094.0;6206204.0
11.0;B30811053;30156;197540.0;;murcia;producciones solidarias sl;juan francisco navarro de haro;murcia;25239;137496.0;Productos alimenticios;5026610.0;6204843.0
29.0;A48279723;48150;601247.0;20.0;sondika;medicina analitica consumibles mac sa;gomez montila florencio;vizcaya;25240;429661.0;Cuidado de la salud;5460658.0;6204165.0
44.0;A08349649;28700;324806.0;37.0;san sebastian de los reye;ems bruel & kjaer iberica sa;adams martin;madrid;25241;233386.0;Equipos industriales;6226222.0;6204025.0
;A42142695;42005;179570.0;20.0;soria;auto gonse sa;gonzalez serrano victor;soria;25242;89586.0;Automotor;5761877.0;6203768.0
;B08621492;08014;129462.0;;barcelona;concordia motors sl;miro ribe javier;barcelona;25243;104596.0;Automotor;5328380.0;6203546.0
45.0;B03037793;03460;-66737.0;42.0;benejama;riel chyc sl;herrero sanchismiguel;alicante;25244;94115.0;Muebles para el hogar / Equipar;5619777.0;6203195.0
;A20143947;20600;147329.0;10.0;eibar;zaer motor sa;urigoitia ercilurruti arkaitz;guipúzcoa;25245;84707.0;Automotor;6046120.0;6202692.0
32.0;B15080849;15004;493472.0;54.0;a coruña;iceacsa consultores sl;illanes alvarez fernando;coruña;25246;238315.0;Consultoría empresarial y otros;5944248.0;6201771.0
;B78389004;28035;196935.0;;madrid;hermanos de marcos velasco sl;humanes lledo elvira;madrid;25247;122541.0;Minoristas de alimentos / medicamentos;6263478.0;6201688.0
46.0;A17020645;17258;1222205.0;36.0;l'estartit;campings y turismo sa;carmen pascual massaguer;girona;25248;616899.0;Alojamiento y casinos;5834061.0;6201457.0
19.0;B82327081;28003;;23.0;madrid;navipack 2001 sl;;madrid;25249;;Productos alimenticios;6201287.0;
;A58655457;08950;55087.0;20.0;barcelona;benvil sa;beneyto vilalte anacristina;barcelona;25250;4122.0;Publicación;5120775.0;6200831.0
13.0;B97561690;46190;102039.0;42.0;ribarroja;vieveli sl;;valencia;25314;50771.0;Bebidas y Tabaco;5310158.0;6178633.0
14.0;B97502538;46003;5015141.0;14.0;valencia;zyxtudio diseño e innovacion sl;miñano larajavier;valencia;25315;3774632.0;Consultoría empresarial y otros;7123429.0;6178351.0
19.0;A95053468;48480;432812.0;;arrigorriaga;sfs group fastening technology;mangeard alain;vizcaya;25316;407548.0;Productos alimenticios;5201358.0;6178073.0
41.0;B12022091;43550;168640.0;24.0;ulldecona;preman sl;fuentesferreres lucas;tarragona;25317;7279.0;Ropa / textiles;7264828.0;6177998.0
3.0;B87315842;28046;6273989.0;;madrid;kw velazquez propco 1 sl;perez liz cristina;madrid;25318;1907803.0;Inmobiliarias y similares;2109201.0;6177774.0
11.0;B20957676;20140;633095.0;;andoain;tecci circuitos impresossl;cortes muriedas ignacio;guipúzcoa;25319;276971.0;Productos electrónicos / eléctricos;6138925.0;6177599.0
61.0;A43005024;43450;340502.0;21.0;la riba;mora y goma sa;goma llado jaime;tarragona;25320;172261.0;Industria maderera;6045315.0;6177479.0
29.0;B59103275;08570;567196.0;47.0;torello;pideca sl;sodeca holding sl;barcelona;25321;261105.0;Equipamiento industrial en metal;5459038.0;6177028.0
37.0;A30041347;30110;143801.0;;murcia  cabezo torre;productos jauja sa;josemuñoz soler;murcia;25322;63503.0;Productos alimenticios;5903107.0;6176988.0
4.0;B66333014;24009;-2447127.0;215.0;león;antibioticos de leon sl;gonzalez de betolaza garcia roberto ramon;león;25323;-3398548.0;Productos fármacos / Medicamentos;4801234.0;6176353.0
16.0;B53693537;46702;146921.0;13.0;gandia;biologistic sl;jose fernandomartinez blanco;valencia;25324;15259.0;Transporte terrestre;6428502.0;6175251.0
24.0;B60594546;08005;257017.0;;barcelona;bcn media forum sl;audilegalia slp;barcelona;25325;152829.0;Productos electrónicos / eléctricos;6017040.0;6175212.0
19.0;B33592338;33554;375360.0;16.0;cabrales;estacion de servicio cabrales sl;auditores tercera generacion sociedad limitada;asturias;25326;174309.0;Petróleo y gas;6422486.0;6174873.0
9.0;B98161862;46469;282072.0;;beniparell;gdk dankami sl;miao miao;valencia;25327;94795.0;Industria maderera;7517266.0;6174457.0
8.0;B95622734;48340;791008.0;5.0;amorebieta-etxano;aceros lst bilbao sl;bilbao mandaluniz yon;vizcaya;25328;504185.0;Acero;8822507.0;6174208.0
35.0;A08857310;08440;;17.0;cardedeu;esquim sa;cortes pallerola juan;barcelona;25329;;Productos químicos y plásticos;6173768.0;
16.0;B62928361;08591;;58.0;aiguafreda;backer facsa sl;christer fredriksson;barcelona;25330;;Productos electrónicos / eléctricos;6173667.0;
22.0;B61242269;08013;779031.0;107.0;barcelona;solmania sl;comercial sonnen land sl;barcelona;25331;472204.0;Productos cosméticos / Cuidado Personal;6004126.0;6172705.0
11.0;A92836964;29012;121854.0;75.0;málaga;teatro cervantes de malaga sa;de la torre prados francisco;málaga;25332;24896.0;Productos / actividades de ocio / Películas;5595916.0;6172622.0
10.0;B37470986;37796;542069.0;17.0;arapiles;combustibles arapiles 2007 sl;sanchez romo santiago;salamanca;25333;334013.0;Minoristas (excepto alimentos y medicamentos);6569525.0;6172603.0
34.0;A41140765;41007;29792.0;;sevilla;concesionarios de vehiculos sa;arcos lopez manuel;sevilla;25334;128311.0;Automotor;15561660.0;6172024.0
;A12033197;43896;309503.0;19.0;l' aldea;exclusivas la plana sa;disbase sl;tarragona;25335;200691.0;Productos alimenticios;5466769.0;6171977.0
6.0;B65935330;08040;;2.0;barcelona;tuna world f-r sl;fuentes garcia juan pedro;barcelona;25336;;Productos alimenticios;6171562.0;
;B26229732;26500;486027.0;9.0;calahorra;agroquimicos antoñanzas sl;antoñanzas moreno pablo;rioja;25337;327499.0;Productos químicos y plásticos;5577147.0;6171561.0
44.0;B08335838;43720;632361.0;22.0;l'arboç;symyb sl;suñe alvarez isidre;tarragona;25338;431409.0;Equipamiento industrial en metal;5490803.0;6171034.0
18.0;B50859735;50008;420833.0;119.0;zaragoza;zaragoza de ocio y restauracion sl;f-20 auditores slp;zaragoza;25339;65595.0;Servicio de comida;6418813.0;6170767.0
26.0;A03794450;03203;;44.0;elche;tdn-alicante sa;poveda candela juan;alicante;25340;;Transporte terrestre;6170570.0;
;B15111008;15008;295190.0;;la coruña;recreativos ojeppik sl;otero mourelle pedro francisco;coruña;25341;108833.0;Productos / actividades de ocio / Películas;6293988.0;6170363.0
44.0;A46074647;46780;336440.0;;oliva;construcciones just sa;just monzo jose;valencia;25342;72615.0;Construcción y Desarrollo;2521344.0;6170345.0
13.0;B04513131;04000;300159.0;37.0;almeria;automoviles playcar sl;martinez plaza antonio jose;almería;25343;153210.0;Automotor;;6170203.0
46.0;A43015965;43004;806847.0;15.0;tarragona;noatum terminal tarragona sa;noatum terminals sociedad limitada;tarragona;25344;-483236.0;Transporte marítimo;6267419.0;6169059.0
5.0;B95743910;48550;;45.0;muskiz;stokia xxi sl;tarrio fraile jose olegario;vizcaya;25345;;Transporte aéreo;6168866.0;
;B25275926;25007;103430.0;78.0;lleida;diari segre sl;moragues martinez alejandro;lleida;25346;22671.0;Publicación;6469112.0;6168375.0
7.0;B13523360;13730;351638.0;20.0;santa cruz de mudela;tocongel sl;vacas cobos claudio;real;25347;115823.0;Productos alimenticios;6103997.0;6168363.0
18.0;A91066175;41500;1054870.0;45.0;alcala de guadaira;reciclados plasticos serva sa;aguilar torralbo cornelio;sevilla;25348;167702.0;Productos químicos y plásticos;7231357.0;6167735.0
20.0;A48252613;48940;-1158233.0;88.0;leioa;fulcrum planificacion analisis y proyecto sa;dalmau meñicabegoña;vizcaya;25349;-889527.0;Consultoría empresarial y otros;7364331.0;6167687.0
31.0;A78609088;28036;-361075.0;6.0;madrid;minicentrales dos sa;hidroelectrica gormaz sl;madrid;25350;-7215444.0;Utilities / Servicios de utilidad pública;8164598.0;6167558.0
37.0;A28707560;28906;1167423.0;30.0;getafe;talleres dim sa trabajos de construccion y cerrajeria en general;izquierdo martinez jose antonio;madrid;25351;845837.0;Equipos industriales;5443545.0;6167555.0
19.0;B41968264;28006;-1445312.0;;madrid;vilamar gestion sl;moreno navarrojavier;madrid;25359;-3547827.0;Inmobiliarias y similares;19610254.0;6164480.0
26.0;B30341598;30161;352167.0;20.0;llano de brujas;frutos secos el llano sl;diego lopez martinez;murcia;25360;227443.0;Productos alimenticios;6251555.0;6164404.0
19.0;A07984743;07010;4113949.0;5.0;palma de mallorca;dedir clinica sa;ortega montoliu francisco;baleares;25361;684958.0;Cuidado de la salud;6199890.0;6164161.0
36.0;B03119633;03159;1039639.0;;almoradi;joamparito sl;garcia garcia amparo de lasnieves;alicante;25370;633017.0;Productos alimenticios;5977682.0;6159493.0
15.0;B63205322;17310;423874.0;;lloret de mar;hosa hotels sl;jordi palacin grau;girona;25451;275220.0;Alojamiento y casinos;5764537.0;6133772.0
23.0;B60818176;08720;149301.0;27.0;vilafranca del penedes;carboniques castellvi sl;castellvi torne xavier;barcelona;25452;58311.0;Bebidas y Tabaco;5826881.0;6133658.0
18.0;B82735168;08540;477634.0;16.0;centelles;officina meccanica sestese españa sl;gian luigi rossi;barcelona;25453;304944.0;Minoristas (excepto alimentos y medicamentos);6008737.0;6133232.0
30.0;A15153638;27112;1204571.0;43.0;fonsagrada;europizarras sa;campo fernandez josemaria;lugo;25454;352309.0;Metales no ferrosos / minerales;6065429.0;6132888.0
31.0;A58312711;08184;537352.0;33.0;palau-solità i plegamans;comercial nicem exinte sa;navarro brugueras jaime;barcelona;25455;75491.0;Equipos industriales;5932854.0;6131982.0
11.0;B31936974;31830;;42.0;lakuntza;lakber mecanizados sl;soraluce sociedad cooperativa;navarra;25456;;Equipos industriales;6131907.0;
21.0;B09326000;09000;354327.0;;pedrosa de vadeporres;servitec medioambiente sl;esteban berrocal jose carlos;burgos;25457;118230.0;Productos forestales;7313985.0;6131703.0
31.0;B23062979;23400;242844.0;22.0;ubeda;ricampo sl;escudero santos jose maria;jaén;25458;64348.0;Construcción y Desarrollo;8056850.0;6131300.0
14.0;B26361774;26560;-269667.0;116.0;autol;champifresh sl;talavera armero antonio;rioja;25459;-653786.0;Agricultura;5801328.0;6131258.0
;A58251042;08026;185026.0;269.0;barcelona;fonoservice sa;cca international;barcelona;25460;66185.0;Consultoría empresarial y otros;5407923.0;6130771.0
24.0;A35371376;38005;768568.0;45.0;santa cruz de tenerife;ecologia canaria sa;puerto de vistaalegre sl;tenerife;25461;363274.0;Servicios & Equipos Ecológicos;5662338.0;6130767.0
4.0;B87154498;28001;54147.0;;madrid;nic fertilizers sl;delso ibañez juan jose;madrid;25462;27478.0;Productos químicos y plásticos;31180295.0;6130714.0
23.0;B20532933;20212;183404.0;;olaberria;servicios tecnicos olaberria sl;guerra altuna jose antonio;guipúzcoa;25463;117346.0;Equipos industriales;5589104.0;6129465.0
11.0;B38927463;38002;4725004.0;1.0;santa cruz de tenerife;evm2 energias renovables sl;feralon canarias s;tenerife;25464;1097066.0;Utilities / Servicios de utilidad pública;6216712.0;6129037.0
7.0;B65512790;08088;89339.0;9.0;la garriga;recuperados plasticos cataluña sl;rusiñol cantero albert;barcelona;25465;57411.0;Productos químicos y plásticos;5963889.0;6127970.0
15.0;B45546520;45600;140550.0;10.0;talavera de la reina;hype project gear sl;viedma moreno borja;toledo;25466;72850.0;Ropa / textiles;5774344.0;6127931.0
13.0;B63816292;08192;;13.0;sant quirze del valles;keewaymotor españa sl;haimei yan;barcelona;25467;;Automotor;6127783.0;
7.0;B94035300;36955;;2.0;moaña;bencemar sl;rojas riquelme juan;pontevedra;25468;;Productos alimenticios;6126859.0;
40.0;B07056971;07009;43123.0;13.0;palma de mallorca;borras sabater sl;borras morey pedro;baleares;25469;19014.0;Construcción y Desarrollo;6325071.0;6126563.0
5.0;B98531593;46450;183642.0;10.0;benifaio;cebollas rovira sl;rovira andreu arcadio;valencia;25470;71285.0;Productos alimenticios;6257477.0;6126422.0
8.0;B33983370;33422;1329578.0;2.0;villabona (llanera);mpd fluorsparsl;berrenechea guimon alberto;asturias;25471;318252.0;Metales no ferrosos / minerales;7983696.0;6125747.0
;B59426288;08470;288287.0;15.0;sant celoni;estacions de servei viura ginesta sl;;barcelona;25472;172252.0;Minoristas (excepto alimentos y medicamentos);6478999.0;6125513.0
;B04105375;04628;82383.0;16.0;antas;agro-servicio ramblizo sl;grupo empresarial ramblizo sl;almería;25473;21946.0;Minoristas (excepto alimentos y medicamentos);5759746.0;6125197.0
16.0;B45505054;45530;133538.0;8.0;santa olalla;cereales collado sl;;toledo;25474;50816.0;Agricultura;5793183.0;6125146.0
25.0;B60356862;08650;212898.0;35.0;sallent b;productos metalicos del bages sl;de miguel garcia antonio;barcelona;25475;57334.0;Equipamiento industrial en metal;5817780.0;6124102.0
13.0;A20864856;20730;3266773.0;6.0;azpeitia;urola-erdiko lapatx zabortegia sa;bereciartua larrañaga aitor;guipúzcoa;25476;2662720.0;Servicios & Equipos Ecológicos;12583791.0;6122876.0
37.0;A17050709;17220;106249.0;38.0;sant feliu de guixol;distribucio del fred sa;joan mestres coll;girona;25477;27027.0;Productos alimenticios;5932304.0;6122370.0
22.0;B29812567;29649;527820.0;30.0;mijas;bay management sl;kelly david;málaga;25478;464481.0;Alojamiento y casinos;5717519.0;6121697.0
13.0;B84441559;28020;;241.0;madrid;bpo solutions spain sl;tessi sa;madrid;25479;;Consultoría empresarial y otros;6121023.0;
;B81419400;28806;271425.0;8.0;alcalá de henares;union de recambistas de vehiculo industrial sl;recambios y lubricantes del sur sl;madrid;25480;172457.0;Automotor;5708240.0;6120546.0
33.0;B07154735;07340;1155765.0;12.0;alaro;camper sl;forch med sl;baleares;25481;320335.0;Ropa / textiles;16487737.0;6120488.0
4.0;B72259161;11600;518337.0;141.0;ubrique;artilab 2014 sl;enriquez aumesquet manuelmaria;cádiz;25482;290034.0;Ropa / textiles;2203466.0;6120485.0
25.0;B60230950;08420;307325.0;27.0;vilanova valles;hidralair sl;aleayna saez angeles;barcelona;25483;176871.0;Equipos industriales;6032764.0;6120267.0
46.0;A28421170;28925;273745.0;15.0;alcorcon;estacion de servicio campodon sa;santacruz colomo roberto;madrid;25484;155681.0;Minoristas (excepto alimentos y medicamentos);6347285.0;6119413.0
36.0;A08767568;08572;185073.0;31.0;sant pere de torelló;tallers compar sa;comas pares immaculada;barcelona;25486;36833.0;Equipos industriales;6339369.0;6118351.0
5.0;B86619459;28108;419900.0;15.0;alcobendas;fisterra energy sl;khan bilal ali;madrid;25487;280529.0;Utilities / Servicios de utilidad pública;5496321.0;6117944.0
;B39325758;39608;366393.0;;camargo;distribuciones frigorificas hermanos mesones sl;mesones villaescusa fernando;cantabria;25488;281521.0;Productos alimenticios;5973671.0;6117811.0
12.0;A84395839;28046;456334.0;172.0;madrid;asuman servicios y mantenimientos sa;cortezo garcia juan;madrid;25489;338566.0;Construcción y Desarrollo;7464399.0;6117561.0
;A37029253;37188;1294885.0;25.0;carbajosa de la sagrada;comercial de recreativos salamanca sa;play gruptorrella sl;salamanca;25490;492329.0;Productos / actividades de ocio / Películas;5640546.0;6116684.0
12.0;B20909727;20600;149618.0;47.0;eibar;lapera frutas y hortalizas sl;lopez pinilla jose maria;guipúzcoa;25491;44221.0;Productos alimenticios;5523375.0;6116674.0
26.0;B17339326;17491;131113.0;14.0;peralada;granja les olives sl;estrella aguilera morales;girona;25492;17585.0;Agricultura;5791996.0;6116670.0
12.0;B92732593;29649;28256.0;1.0;cala de mijas - mijas;calamijas travel sl;muñoz molinafrancisco javier;málaga;25493;21079.0;Productos alimenticios;6437973.0;6116168.0
24.0;B80912710;28750;610222.0;27.0;san agustin de guadalix;soluciones raber sl;ramiro bernabeu hector manuel;madrid;25494;382785.0;Industria maderera;5884389.0;6116131.0
26.0;B60192937;08495;846468.0;36.0;fogars de la selva;bidones jp garcia sl;garcia martinez juan pedro;barcelona;25495;530625.0;Servicios & Equipos Ecológicos;5573816.0;6116077.0
18.0;A95108072;48480;1779464.0;10.0;arrigorriaga;indusal renting cataluña sa;dupuy romain christophe;vizcaya;25496;926212.0;Ropa / textiles;5878305.0;6115608.0
2.0;B56063662;14010;;46.0;cordoba;hotel cordoba center sl;grupo hotelescenter sl;córdoba;25497;;Alojamiento y casinos;6115374.0;
25.0;B15416613;15142;867654.0;97.0;arteixo;top wash sl;agullo quintela jaime eduardo;coruña;25498;346062.0;Ropa / textiles;5032831.0;6115252.0
27.0;A07553696;07330;;51.0;consell;explotadora de lavanderias sa;castro de rio francisco;baleares;25499;;Ropa / textiles;6114942.0;
37.0;A08683112;08310;1158557.0;58.0;argentina;textprint sa;espigul riera josep;barcelona;25500;227966.0;Ropa / textiles;6120717.0;6114834.0
36.0;B33043860;33012;457734.0;66.0;oviedo;gomez oviedo sl;versus auditores sociedad limitada profesional;asturias;25501;-585588.0;Equipos y servicios comerciales;6420819.0;6114061.0
11.0;B85040095;28010;4722000.0;;madrid;olmedilla energia sl;fotowatio s;madrid;25502;-3977000.0;Utilities / Servicios de utilidad pública;7103000.0;6114000.0
;B29401783;29006;91773.0;26.0;malaga;productos beltran sl;lopez fernandez salvador;málaga;25503;10220.0;Minoristas de alimentos / medicamentos;5356236.0;6113971.0
13.0;B63821557;08140;168270.0;3.0;caldes de montbui;ramaderia 2005 sl;alsina puigdomenech jose;barcelona;25504;69563.0;Agricultura;6531979.0;6113605.0
13.0;B12692596;12540;5371207.0;2.0;vila-real;urban meeting sl;colonques moreno manuel miguel;castellón;25505;2820832.0;Inmobiliarias y similares;3972124.0;6113490.0
46.0;B17020231;17854;352126.0;38.0;sant jaume de llerca;fontfilva sl;maria dolors valeri reixach;girona;25506;29441.0;Ropa / textiles;6701295.0;6112497.0
10.0;A85345445;28046;1429014.0;13.0;madrid;capital strategies partners av sa;rubio corral fernando daniel;madrid;25507;1001367.0;Intermediarios financieros;8063726.0;6112339.0
28.0;A10037760;10500;1358322.0;21.0;valencia de alcantara;chumacero sa;lopes rodrigues miguelcarlos;cáceres;25508;491355.0;Bebidas y Tabaco;5437882.0;6112178.0
;B23319650;23500;541133.0;25.0;jodar;frutas el cipri sl;ruiz garcia antonia;jaén;25509;84057.0;Productos alimenticios;5958763.0;6112137.0
5.0;B73788325;30140;;14.0;santomera;frutos secos auro sl;antonio sanchezmenarguez;murcia;25510;;Productos alimenticios;6111606.0;
;B57053498;07199;153617.0;23.0;palma de mallorca;lacteos palma sl;brilfranch juan;baleares;25511;75788.0;Productos alimenticios;5077404.0;6111423.0
14.0;B26366294;01013;381524.0;;vitoria-gasteiz;novargi industries sl;caubilla angulo juanmanuel;álava;25512;123777.0;Consultoría empresarial y otros;2349044.0;6111403.0
8.0;B91875955;41566;274585.0;11.0;pedrera;ramos corona sociedad de responsabilidad limitada;ramos segura jose manuel;sevilla;25513;110394.0;Productos alimenticios;6106982.0;6111189.0
;B45418662;45003;1779220.0;36.0;toledo;oficinas alvarez martin sl;audisa consultores y auditores slp;toledo;25514;1323707.0;Consultoría empresarial y otros;5151159.0;6110975.0
16.0;B83219998;28320;285525.0;21.0;pinto;cryospain sl;collantes barrigon ignacio;madrid;25515;151330.0;Equipos industriales;9946869.0;6110792.0
7.0;B76092485;35550;140371.0;8.0;san bartolome de lanzarote;la wiki bazar sl;gandul aparicio enrique;palmas;25516;90072.0;Minoristas (excepto alimentos y medicamentos);5388112.0;6110770.0
;B37272218;37184;145123.0;21.0;villares de la reina;camionsa sl;nuño perez angel jesus manuel;salamanca;25517;41174.0;Automotor;7269348.0;6110171.0
23.0;F06226989;06400;4105.0;4.0;don benito;agrocam scl;;badajoz;25518;2882.0;Agricultura;6677439.0;6109818.0
25.0;A21158126;21500;;3.0;gibraleon;citricola san jose sa unipersonal;vercher company jose;huelva;25519;;Agricultura;6109500.0;
13.0;B57368011;07004;163876.0;2.0;palma de mallorca;vall soller services sl;sastre cardell vicente;baleares;25520;109141.0;Productos / actividades de ocio / Películas;5288586.0;6108371.0
32.0;A78277548;43120;261063.0;23.0;tarragona;tankisa sa;ceyrat serge claude;tarragona;25521;39536.0;Transporte terrestre;6780700.0;6107971.0
11.0;B64489073;08915;663915.0;5.0;badalona;orenes catalana de azar sl;quereda pelegrin jose;barcelona;25522;426144.0;Productos / actividades de ocio / Películas;5776309.0;6107492.0
26.0;B60058765;08191;59147.0;9.0;rubi;citsalp sl;martinez garcia jesus;barcelona;25523;25505.0;Productos químicos y plásticos;6405337.0;6107187.0
25.0;B41610825;41007;421281.0;233.0;sevilla;proazimut sl;cia gonzalez rafael angel;sevilla;25524;142156.0;Equipos y servicios comerciales;6431623.0;6106990.0
21.0;B17517707;17244;715734.0;;cassa de la selva;metall-logic sl;ferran serra teixido;girona;25525;398848.0;Equipamiento industrial en metal;5434614.0;6106288.0
14.0;B83975847;28027;-5626.0;77.0;madrid;hotel velada madrid sl;santamaria cermeñocecilia dolores;madrid;25526;-37834.0;Alojamiento y casinos;5973376.0;6106205.0
;A20063004;20160;56103.0;27.0;lasarte-oria;aduriz de lasarte sa;adurizmendiluce agustin;guipúzcoa;25527;26687.0;Productos alimenticios;5948951.0;6105984.0
;B31732399;31110;1039672.0;94.0;noain-elorz;idifarma desarrollo farmaceutico sl;ara sanz hector;navarra;25528;386396.0;Productos fármacos / Medicamentos;4681389.0;6105611.0
25.0;B48546543;48510;542816.0;32.0;trapagaran;from-to sl;busnadiegourquiaga jose antonio;vizcaya;25529;391286.0;Transporte terrestre;5855403.0;6105537.0
24.0;B01154368;01015;649398.0;32.0;vitoria-gasteiz;mecanizados san prudencio sl;pereda eguiluz jose angel;álava;25530;189185.0;Acero;5657691.0;6105292.0
29.0;A58824319;20001;;71.0;san sebastian;hotel amara plaza sa;couto sagredo pablo;guipúzcoa;25531;;Alojamiento y casinos;6105140.0;
31.0;A58473166;08480;589559.0;46.0;l'ametlla del valles;cosmos aromatica internacional sa;feliubadalo ferrer mercedes;barcelona;25532;219363.0;Productos químicos y plásticos;6936071.0;6105113.0
25.0;B03876075;03600;355838.0;49.0;elda;elbel sl;rios gutierrezantonio;alicante;25533;82784.0;Ropa / textiles;3587309.0;6105092.0
;B53452397;03700;260086.0;22.0;denia;jose llobell sl;;alicante;25534;155562.0;Productos alimenticios;5318110.0;6104889.0
5.0;B60001013;08005;304027.0;55.0;barcelona;mm barcelona sl;garcia lopez carles;barcelona;25535;17636.0;Productos químicos y plásticos;5783370.0;6104628.0
55.0;B46001855;46009;1074386.0;48.0;valencia;autobuses buñol sl;gestiona vercaf 2006  sociedad limitada;valencia;25536;850396.0;Transporte terrestre;5476335.0;6104274.0
29.0;A79312609;28037;402227.0;93.0;madrid;publicaciones alimarket sa;guerrero regidor carlos;madrid;25537;362212.0;Publicación;5980702.0;6104207.0
;B50228527;50830;225523.0;26.0;villanueva de gallego;zaragozana de distribucion sl;ruberte herreromaria angeles;zaragoza;25538;131189.0;Bebidas y Tabaco;6273705.0;6104104.0
3.0;B12960290;12001;606561.0;;castellon de la plana;logistica general de la plana sl;inversiones yrepresentaciones rimar sociedad anon;castellón;25539;251778.0;Transporte aéreo;0.0;6103687.0
8.0;B86090792;28232;2091462.0;12.0;las rozas;pm print exclusivas de publicidad sl;promedios european group sl;madrid;25540;1473033.0;Publicación;8437538.0;6103666.0
42.0;A33020744;33424;31481.0;;posada llanera;hierros y carbones sa;roces inversionespatrimoniales sl;asturias;25541;8028.0;Acero;6801086.0;6102870.0
37.0;B39029673;39010;1476475.0;36.0;santander;funeraria la montañesa sl;soto gallego beatriz;cantabria;25542;771036.0;Otros / varios;6098903.0;6102557.0
14.0;B47537840;47311;1473074.0;14.0;valladolid;seleccion de torres sl;amado gallartjosep;valladolid;25543;322661.0;Bebidas y Tabaco;6006010.0;6102341.0
48.0;A31031545;31194;;;arre;alumbrado tecnico publico sa;moreno garcia luis angel;navarra;25544;;Productos electrónicos / eléctricos;6102154.0;
46.0;A07032824;17002;1112576.0;;girona;hoteles portinatx sa;solvisa inversiones sl;girona;25545;245083.0;Alojamiento y casinos;5826729.0;6102021.0
24.0;B33791732;33211;1140595.0;24.0;gijon;construcciones garcia rama sl;garciarama humberto;asturias;25546;1097557.0;Construcción y Desarrollo;4339871.0;6101540.0
21.0;B17522491;17001;376301.0;46.0;girona;siro & xavi sl;isidre codina roman;girona;25547;84941.0;Productos alimenticios;5235768.0;6100489.0
21.0;B61422986;08272;;40.0;sant fruitos de bage;horizzontal spain sl;ocejo marin enrique;barcelona;25548;;Muebles para el hogar / Equipar;6100234.0;
31.0;B37055019;37800;263356.0;15.0;alba de tormes;agropal ganadera sl;garcia merchan jose alejandro;salamanca;25549;146110.0;Agricultura;5674415.0;6098188.0
33.0;B46281127;46190;-11976.0;4.0;ribarroja del turia;levantina barea sl;barea senent maria pilar;valencia;25550;-77217.0;Productos alimenticios;6075316.0;6098073.0
33.0;A17094590;17220;701261.0;66.0;sant feliu de guixol;kin cosmetics sa;joan maria bosacoma auladell;girona;25551;-15199.0;Productos cosméticos / Cuidado Personal;5607972.0;6097748.0
4.0;B01523273;01308;3322425.0;12.0;lanciego;proluxlanoican group sl;martinezbañuelos jose-andres;álava;25552;2524428.0;Productos electrónicos / eléctricos;5915219.0;6097586.0
26.0;B96014113;46950;451174.0;26.0;xirivella;componentes deportivos competicion sl;de ramon ferrando pablo jose;valencia;25553;290961.0;Minoristas (excepto alimentos y medicamentos);5610550.0;6096697.0
;B62564547;08032;61004.0;16.0;barcelona;supermercados sentmenat sl;cano gutierrez emeterio;barcelona;25554;38690.0;Minoristas de alimentos / medicamentos;6159658.0;6095924.0
;A58763491;08980;1054086.0;;sant feliu llobregat;hornos industriales pujol sa;pujol mari joaquin;barcelona;25555;955666.0;Equipos industriales;5185555.0;6094932.0
20.0;B61729273;08349;341358.0;17.0;cabrera de mar;moticeurope sl;grebol i collet auditors slp;barcelona;25556;221022.0;Minoristas (excepto alimentos y medicamentos);5910185.0;6094863.0
17.0;B62755871;08034;;;vallirana;2002 perlindustria sl;david poynter reif;barcelona;25557;;Metales no ferrosos / minerales;6094584.0;
;A26176297;26509;873807.0;52.0;agoncillo;labelgrafic sa;maguregui pradajavier;rioja;25558;433756.0;Publicación;5811742.0;6094276.0
17.0;B83164079;28008;223854.0;13.0;madrid;fender iberica sl;barragan sanchez fernando;madrid;25559;147268.0;Productos electrónicos / eléctricos;6170599.0;6093915.0
28.0;B79392205;28040;249449.0;;madrid;servicios educativos y familiares grupo 5 sl;grupo 5 accion y gestion social s;madrid;25560;455956.0;Cuidado de la salud;6648869.0;6093754.0
8.0;B86085966;28890;201405.0;10.0;loeches;embalajes martinsa sl;travassos dos reis gustavo andre;madrid;25561;41954.0;Equipos industriales;6092190.0;6092864.0
6.0;B23703663;23485;145064.0;6.0;pozo alcon;almazara la andaluza sl;salvador quiñonesmaria del mar;jaén;25562;32620.0;Productos alimenticios;5430623.0;6091976.0
28.0;B59355552;08015;116966.0;25.0;barcelona;llorens y asociados sl;brugadacasula jaime;barcelona;25563;74935.0;Consultoría empresarial y otros;6775541.0;6091559.0
15.0;B63250633;08003;373138.0;109.0;barcelona;udon barcelona sl;silicon valles inversions sl;barcelona;25564;-2871.0;Servicio de comida;5623597.0;6091276.0
20.0;B81941684;28006;312693.0;;madrid;telenium tecnologia y servicios sl;alvarez pereira carlos;madrid;25565;119556.0;Consultoría empresarial y otros;6070845.0;6090503.0
29.0;B30204648;30007;156472.0;27.0;murcia;electrodomesticos del sureste sl;valentin rubio tejero;murcia;25566;99072.0;Productos electrónicos / eléctricos;6073591.0;6089859.0
45.0;A08331969;08918;307622.0;11.0;badalona;manufacturas deportivas viper sa;calico bosch enrique;barcelona;25567;87537.0;Minoristas (excepto alimentos y medicamentos);5562589.0;6089703.0
24.0;B30395602;30890;331194.0;29.0;puerto-lumbreras;asv natur flor natural sl;jose antonio perez perez;murcia;25568;166444.0;Agricultura;6187241.0;6089652.0
;B17567249;17257;518770.0;;torroella de montgri;suministres jovi sl;noelia sanchez sanchez;girona;25569;277586.0;Productos electrónicos / eléctricos;6178376.0;6089170.0
5.0;A76151950;35003;508095.0;;las palmas de gc;sinergias de vigilancia y seguridad sa;lopez redondo jacobo;palmas;25570;309596.0;Consultoría empresarial y otros;1564278.0;6088971.0
19.0;B22221956;50197;242115.0;8.0;zaragoza;axial vinos sl;grupo axial vinos spain sl;zaragoza;25571;113148.0;Bebidas y Tabaco;6563537.0;6088537.0
11.0;B14805204;28003;5111397.0;;madrid;alten alange sl;jimenez castellanos holgado adolfo;madrid;25572;176636.0;Construcción y Desarrollo;6359679.0;6088090.0
7.0;B91972927;29590;;127.0;málaga;aertec industrial engineering sl;aertec ingenieria y desarrollos sl;málaga;25573;;Consultoría empresarial y otros;6087957.0;
18.0;B62236856;08500;412371.0;18.0;vic;ylla 1878 sl;ylla vilarrubia jordi;barcelona;25574;104722.0;Productos alimenticios;5840529.0;6087861.0
18.0;B92199553;29130;271051.0;24.0;alhaurín de la torre;citricos el romeral sl;gomez gonzalez miguel angel;málaga;25575;187449.0;Productos alimenticios;3664338.0;6086777.0
10.0;B99216574;50171;292779.0;14.0;la puebla de alfinden;omnitec systems sl;porta costa jose maria;zaragoza;25576;156330.0;Productos químicos y plásticos;5388472.0;6086691.0
17.0;B62627575;08029;;7.0;barcelona;atanor productos agricolas sl;rios royo jose maria;barcelona;25577;;Productos químicos y plásticos;6086658.0;
37.0;A41091927;41410;414266.0;28.0;carmona;villa flores martin montajes obras y servicios sa;villa garcia jose;sevilla;25578;74218.0;Productos electrónicos / eléctricos;7708468.0;6085563.0
17.0;B82904160;28053;46490.0;3.0;madrid;pdos y mariscos montes sl;;madrid;25579;27256.0;Productos alimenticios;6064862.0;6084756.0
7.0;B86286937;28037;148509.0;22.0;madrid;badland games sl;quintans borrego luis bernardo;madrid;25580;26096.0;Productos electrónicos / eléctricos;6274727.0;6084744.0
8.0;B95176632;48170;353618.0;56.0;zamudio;steuler tecnica sl;taleghani mahmoud salehi;vizcaya;25581;247836.0;Construcción y Desarrollo;5628436.0;6084686.0
21.0;B61523551;08029;-45422.0;132.0;barcelona;geriatria siglo xxi sl;serunion sa;barcelona;25582;-23461.0;Cuidado de la salud;5949459.0;6084659.0
10.0;B85372993;28054;2267810.0;36.0;carabanchel;centro educativo abaco sl;garcia alvarez gregorio;madrid;25583;802454.0;Gobierno / Estado;5916043.0;6084588.0
42.0;A50035476;50197;;32.0;zaragoza;porcelanosa aragon sa;porcelanosa sociedad anonima;zaragoza;25584;;Construcción y Desarrollo;6084587.0;
8.0;B11886793;11630;225362.0;;arcos de la frontera;atalaya de medoca sl;medina oca jose;cádiz;25585;91428.0;Minoristas de alimentos / medicamentos;5865845.0;6084554.0
45.0;A28325264;36618;551790.0;39.0;vilagarcia de arousa;thune eureka sa;garcia rodriguez manuel jesus;pontevedra;25586;-28589.0;Equipos industriales;5843614.0;6084183.0
28.0;B31288517;31300;881739.0;35.0;tafalla;carnicas galar sl;rinac auditores slp;navarra;25587;484730.0;Productos alimenticios;5902252.0;6083469.0
;B35295849;35002;687079.0;76.0;sta lucia;modas cristal sl;reyes diaz josejulio;palmas;25588;431718.0;Ropa / textiles;5827332.0;6083187.0
31.0;A12078333;12006;312207.0;28.0;castellon;repcar sa;castillo vidal vicente;castellón;25589;134112.0;Automotor;3464585.0;6082756.0
9.0;B65159832;08830;902993.0;24.0;sant boi de llobrega;asein ingenieros sl;albuin alsina cristina;barcelona;25590;372177.0;Productos electrónicos / eléctricos;5819148.0;6082451.0
;A23261720;23740;751863.0;55.0;andujar;graficas francisco del moral sa;del moral mata francisco;jaén;25591;194626.0;Publicación;5569111.0;6082391.0
36.0;A08747222;08017;916423.0;23.0;barcelona;catalana de frascos sa;raventos rabanal joan;barcelona;25592;641548.0;Contenedores y productos de vidrio;6287055.0;6082246.0
28.0;B59543439;08640;488735.0;;olesa de montserrat;pinturas cuxart sl;nt audit sl;barcelona;25593;96829.0;Productos químicos y plásticos;5466427.0;6081937.0
16.0;B62759139;08107;198518.0;20.0;martorelles;bobcat of sl;international trucks & tractorssl;barcelona;25594;128406.0;Construcción y Desarrollo;6003733.0;6081912.0
61.0;B46000337;46680;;;rotgal y corbera;agrufrut sl;llobellborja fernando;valencia;25595;;Productos alimenticios;6081708.0;
25.0;B30368633;30850;327580.0;13.0;totana;pieles felipe mercader sl;ana maria martinez pagan;murcia;25596;151022.0;Ropa / textiles;7905478.0;6081474.0
26.0;B60103355;08007;281513.0;63.0;barcelona;b2b optical sl;bosch ginesta pedro;barcelona;25597;112716.0;Minoristas (excepto alimentos y medicamentos);6076787.0;6081042.0
9.0;B98185044;46002;454324.0;13.0;valencia;grupo ceremon sl;rodrigo gandia josep;valencia;25598;337750.0;Construcción y Desarrollo;2971550.0;6080880.0
15.0;B63111868;08830;814339.0;25.0;sant boi de llobregat;comansi sl;falgas marinfernando;barcelona;25599;300447.0;Productos / actividades de ocio / Películas;6755085.0;6080852.0
29.0;A48415335;48992;861744.0;6.0;getxo;salcha sa;alvarez sanz sergio;vizcaya;25600;623007.0;Productos alimenticios;6461064.0;6080851.0
25.0;B60215217;08734;667617.0;49.0;olerdola;trasman penedes sl;jm gay y sanfeliu auditores sl;barcelona;25601;94229.0;Muebles para el hogar / Equipar;5894844.0;6080729.0
;B45418118;45210;564523.0;;yuncos;e diaz productos quimicos sl;;toledo;25602;356585.0;Productos químicos y plásticos;5608420.0;6079681.0
25.0;B17369547;17300;132546.0;46.0;blanes;materials brecor sl;joan cortina blanch;girona;25603;51977.0;Construcción y Desarrollo;5196428.0;6078407.0
;B62715727;08005;79223.0;9.0;barcelona;the lift producciones internacionales sl;solis araizaana laura;barcelona;25604;22272.0;Radio y Televisión;6629077.0;6078405.0
13.0;B91498832;41014;;;sevilla;sociedad inversora lineas de brasil sl;abeinsa ingenieria y construccion industrial sa;sevilla;25605;;Intermediarios financieros;6078000.0;
6.0;B76576289;46024;614747.0;88.0;santa cruz de tenerife;opdr iberia sl;hille sven alexander;tenerife;25606;399179.0;Transporte marítimo;5594671.0;6077511.0
5.0;B66189747;08022;3847102.0;13.0;barcelona;abac capital sl;piña salomo josep oriol;barcelona;25607;2878377.0;Consultoría empresarial y otros;1309565.0;6077367.0
55.0;A28125276;28007;357433.0;6.0;madrid;cepsa ciubar sa;talleres bator sl;madrid;25608;303578.0;Minoristas (excepto alimentos y medicamentos);6535152.0;6076770.0
53.0;A28146199;28906;-769183.0;55.0;getafe;electro transformacion industrial sa;vela vigo jose maria;madrid;25609;-745480.0;Productos electrónicos / eléctricos;7544969.0;6075977.0
;B35379049;35002;1136688.0;;las palmas;constructora palmacan-a sl;ronda martinez francisco jesus;palmas;25610;631303.0;Construcción y Desarrollo;5223066.0;6075852.0
;A42009498;42360;242696.0;5.0;berlanga de duero;comercial agricola de castilla sa;alonso ubeda fernando;soria;25611;78480.0;Agricultura;6558905.0;6075826.0
25.0;B80574106;40140;623407.0;;valverde del majano;freeze cast europa sl;lopez lanusse julian;segovia;25612;427565.0;Acero;8355774.0;6075691.0
12.0;B84923655;28006;518070.0;;madrid;rich representaciones sl;epicureo giulio;madrid;25613;336051.0;Minoristas (excepto alimentos y medicamentos);5697043.0;6074855.0
66.0;A31002918;31230;662931.0;;viana;rioja vega sa;inversiones irmu sa;navarra;25614;47312.0;Bebidas y Tabaco;5885620.0;6074836.0
28.0;A11655156;10011;1624240.0;36.0;cádiz;desarrollo andaluz de diagnostico por imagen sa;health time sl;cáceres;25615;1015690.0;Cuidado de la salud;6105469.0;6074706.0
51.0;A46036562;46133;332214.0;50.0;meliana;vda de gabriel mari montañana sa;suay mari jose carlos;valencia;25616;82309.0;Metales no ferrosos / minerales;6146106.0;6074431.0
20.0;A09110289;09001;606623.0;75.0;burgos;grupo garcia camarero sa;garcia camarero roberto;burgos;25617;192798.0;Transporte terrestre;5851806.0;6073903.0
20.0;B41895947;41927;238782.0;11.0;camas;autos pisa sl;francisco alba zarcosociedad limitada;sevilla;25618;66017.0;Automotor;5986692.0;6073628.0
29.0;B07305592;07458;1241234.0;53.0;santa margarita;ilunionamalia sl;grupo ilunion sa;baleares;25619;721805.0;Ropa / textiles;5006994.0;6073312.0
16.0;B53711677;03320;40819.0;;elche/elx;drave mad sl;quirant antonmiguel angel;alicante;25620;40500.0;Ropa / textiles;6186138.0;6073041.0
;A61442935;08140;480282.0;46.0;caldes de montbui;danbel distribuciones exclusivas sa;sol mauri joan;barcelona;25621;188876.0;Minoristas (excepto alimentos y medicamentos);5983914.0;6072689.0
3.0;B87356861;28290;145546.0;18.0;las rozas;enlace de construccion y arquitectura sl;nogueira roman joseenrique;madrid;25622;131104.0;Construcción y Desarrollo;479951.0;6072487.0
5.0;B24658510;24234;24518.0;6.0;villamañan;ferticer leones sl;de mata ugidosrodrigo;león;25623;39309.0;Agricultura;6802995.0;6072326.0
13.0;B54007042;46880;703274.0;3.0;bocairent;idrus flexibles sl;egea gil leopoldo;valencia;25624;536579.0;Industria maderera;5060434.0;6072248.0
;A19180108;19171;271621.0;330.0;cabanillas del campo;manchalan sa;componentes de electrodomesticos y electronicos s;guadalajara;25625;132595.0;Consultoría empresarial y otros;4888757.0;6072206.0
50.0;A46041364;46394;274444.0;31.0;ribarroja del turia;muebles romero sa;romero puchades jose;valencia;25626;180884.0;Muebles para el hogar / Equipar;6090817.0;6072080.0
29.0;B30215495;30170;172240.0;;mula;distribuciones de maquinaria agricola y agroquimicos sl;jose maria buitrago moreno;murcia;25627;62031.0;Equipos industriales;6972550.0;6071991.0
;B11023520;11510;299399.0;28.0;puerto real;transanchez sl;puig cillan francisco jose;cádiz;25628;223624.0;Transporte terrestre;6284870.0;6071459.0
10.0;B85551273;08008;157301.0;9.0;barcelona;escandinava de electricidad sl;knut braathen;barcelona;25629;104054.0;Utilities / Servicios de utilidad pública;6758445.0;6071285.0
19.0;A96859137;46011;1576116.0;73.0;valencia;tecnicas valencianas del agua sa;ferrer beltran jose;valencia;25630;272731.0;Servicios & Equipos Ecológicos;6131221.0;6070995.0
12.0;B35907930;35010;703972.0;42.0;las palmas gc;festina-lotus canarias sl;rodriguez suñol natalia;palmas;25631;425474.0;Minoristas (excepto alimentos y medicamentos);5630464.0;6070599.0
;B45323748;45150;198632.0;17.0;navahermosa;alicen sl;pinilla sanchez pedro;toledo;25632;54880.0;Muebles para el hogar / Equipar;5151518.0;6070229.0
;A28249142;07009;2708739.0;57.0;palma de mallorca;hotel sumba sa;verhuven willi;baleares;25633;1778930.0;Alojamiento y casinos;4843697.0;6070123.0
;A08794562;08272;58026.0;39.0;sant fruitos de bages;llevicome sa;hernandez prietomaria isabel;barcelona;25634;2850.0;Minoristas de alimentos / medicamentos;5860607.0;6070076.0
35.0;A46197869;46780;667426.0;245.0;oliva;cañalta sa;cañamas perez antonio vicente;valencia;25635;75992.0;Agricultura;5680337.0;6069493.0
24.0;B29667771;41640;627908.0;;almargen;canteras de almargen sl;gonzalez garcia juanantonio;málaga;25636;59039.0;Metales no ferrosos / minerales;5987288.0;6069180.0
;B74003609;33820;414455.0;42.0;grado;berdasco e hijos sl;berdasco marronfernando;asturias;25637;235963.0;Productos alimenticios;6176120.0;6068960.0
8.0;B54504048;03320;;;elche;pasco producciones sl;herrero martin maria-cruz-ofelia;alicante;25638;;Ropa / textiles;6068923.0;
7.0;B65686651;08210;177114.0;33.0;barbera del valles;deco online sant boi sl;garciarodriguez francisco;barcelona;25639;44851.0;Minoristas (excepto alimentos y medicamentos);6580085.0;6068706.0
61.0;A28079069;28036;1271363.0;42.0;madrid;tea ediciones sa;hogrefe gerhard jurgen;madrid;25640;1039165.0;Publicación;5818289.0;6068012.0
28.0;A79380093;28914;3846542.0;5.0;leganés;sonepar iberica sa;poncet francois;madrid;25641;3940571.0;Automotor;5991652.0;6067864.0
6.0;B54642178;03006;;15.0;alicante;primlevante motor sl;;alicante;25642;;Automotor;6067443.0;
25.0;B03830510;03502;332130.0;107.0;benidorm;gestimed levante sl;geijo mora fernando;alicante;25643;127724.0;Consultoría empresarial y otros;2892146.0;6067076.0
32.0;A58134388;08034;1693490.0;22.0;barcelona;editorial anagrama sa;gianluca foglia;barcelona;25644;783088.0;Publicación;6662339.0;6067014.0
14.0;B04482857;04009;;130.0;almeria;bebidas costas de almeria sl;de la puerta martinez-arcos ignacio;almería;25645;;Bebidas y Tabaco;6066995.0;
;B12463196;12181;44158.0;5.0;benlloch;piensos benlloch sl;mateu orti joaquin;castellón;25646;12554.0;Productos alimenticios;5693717.0;6066962.0
19.0;A82223934;28006;421699.0;104.0;madrid;alfabeto 98 sa;ace 53 sl;madrid;25647;-68427.0;Productos / actividades de ocio / Películas;6127934.0;6066605.0
42.0;A08393514;08210;563920.0;64.0;barbera del valles;industrias plasticas triana sa;triana vila lluis;barcelona;25648;13220.0;Productos químicos y plásticos;6505827.0;6066052.0
18.0;B57035875;07150;;33.0;andraitx;edificacion balear serrano-rodriguez sl;eudita checkbal auditores asociados sl;baleares;25649;;Construcción y Desarrollo;6065936.0;
36.0;B03114501;03720;232647.0;25.0;benissa;jose jorro such e hijos sl;jorro palones raquel;alicante;25650;107804.0;Automotor;6394273.0;6065226.0
29.0;A50337906;50014;30269.0;12.0;zaragoza;frutas monge sa;monge alba jesus;zaragoza;25651;1825.0;Productos alimenticios;6374720.0;6064836.0
;A08896441;08940;559870.0;;cornella llobregat;acabados de interiores sa;gonzalez dou joaquin jose;barcelona;25652;428466.0;Construcción y Desarrollo;5268622.0;6064252.0
49.0;A43014174;43120;388754.0;26.0;constanti;ferros poch sa;poch mas maria salome;tarragona;25653;213320.0;Acero;6568027.0;6064123.0
37.0;A15043680;15820;311399.0;70.0;santiago;villasenin sa;villasenin aldonza jose-manuel;coruña;25654;104875.0;Alojamiento y casinos;5894706.0;6063808.0
;B46193827;46026;318494.0;30.0;valencia;leleman sl;clemente canales manuel;valencia;25655;63268.0;Equipos industriales;5465321.0;6063758.0
20.0;B15649742;15705;259125.0;69.0;santiago de compostela;a daviña m comunicaciones sl;daviña martinez andres;coruña;25656;145766.0;Productos electrónicos / eléctricos;6172650.0;6063653.0
;B23010705;23001;1100194.0;;jaen;hierros serrano gamez sl;serrano-gamez mengibarildefonso;jaén;25657;1046928.0;Acero;150300.0;6063341.0
25.0;B06192033;06006;237409.0;;badajoz;representaciones barrero sl;alesco partners s;badajoz;25658;131962.0;Bebidas y Tabaco;5413519.0;6062528.0
28.0;B21128608;21001;819517.0;78.0;huelva;transroman sl;roman bayo jose antonio;huelva;25659;156658.0;Transporte terrestre;5538582.0;6062465.0
18.0;A82858051;28014;865107.0;21.0;madrid;euro 6000 sa;cxg gestion inmobiliaria corporacioncaixagalicia;madrid;25660;691764.0;Acero;5365164.0;6062249.0
25.0;B01148212;01400;614584.0;53.0;llodio;iza ascensores sl;iza isusi sabino;álava;25661;300260.0;Construcción y Desarrollo;5132264.0;6061714.0
96.0;G28255958;28040;555341.0;76.0;madrid;colegio de huerfanos de ferroviarios;;madrid;25662;-44905.0;Gobierno / Estado;5947378.0;6061591.0
21.0;B30563415;30169;87146.0;518.0;san gines;tecnicas y servicios integrales de levante sl;juan antonio sanchez mata;murcia;25663;20384.0;Equipos y servicios comerciales;4698230.0;6061297.0
8.0;B71038699;31500;1267273.0;;tudela;papertech energia sl;ecoenergiasistemas alternativos sl;navarra;25664;598268.0;Utilities / Servicios de utilidad pública;8059606.0;6060929.0
14.0;B84193614;28108;407756.0;10.0;alcobendas;arneg españa sl;genovese gianfranco;madrid;25665;287721.0;Equipos industriales;7407505.0;6059884.0
27.0;B09250887;09400;955050.0;42.0;aranda de duero;hormigones y excavaciones gerardo de la calle sl;gerardo de la callehijos sl;burgos;25666;578570.0;Construcción y Desarrollo;8610992.0;6059655.0
;B80806110;28027;175553.0;33.0;madrid;tdi sistemas sl;quorum auditores y consultores slp;madrid;25667;59499.0;Productos electrónicos / eléctricos;6973325.0;6059321.0
15.0;B63339550;08036;156164.0;;barcelona;desarrollo personal logistico e t t sl;garmendia torne maria jose;barcelona;25668;104089.0;Otros / varios;4465040.0;6058447.0
35.0;B17359480;17480;31872.0;15.0;roses;depuradora servimar sl;pedro gotanegra julia;girona;25669;31416.0;Productos alimenticios;7218266.0;6057927.0
20.0;B17561036;17165;240847.0;;cellera de ter la;agropecuaria girona sl;;girona;25670;32162.0;Construcción y Desarrollo;5542388.0;6057604.0
28.0;B15233737;15008;89572.0;23.0;a coruña;frutas hermanos lago sl;marti lago jose luis;coruña;25671;34859.0;Productos alimenticios;6295418.0;6056546.0
23.0;B45351921;45128;395296.0;3.0;menasalbas;agropecuaria las olivas sl;gonzalez sanchezmodesto;toledo;25672;282652.0;Productos alimenticios;5714541.0;6056205.0
49.0;A48055396;48240;1747796.0;40.0;berriz;elementos de verificacion y control sa;churruca bilbao elena;vizcaya;25673;1014743.0;Equipos industriales;5929566.0;6055346.0
9.0;B85714277;28006;938624.0;;madrid;investgala asesores de inversion sl;tejera osuna carlos;madrid;25674;814097.0;Consultoría empresarial y otros;496267.0;6054981.0
17.0;B06349328;06380;364230.0;;jerez de los caballe;gandaria servicios ganaderos sl;cvm auditores de cuentas s;badajoz;25675;211655.0;Equipos industriales;4876147.0;6054347.0
19.0;B62121793;08007;135597.0;1.0;barcelona;negoce cat sl;colette jeanine courtois;barcelona;25676;96381.0;Automotor;5038537.0;6053838.0
8.0;B86065331;28002;68344.0;1.0;madrid;tree telecom sl;preda robertadrian;madrid;25677;20399.0;Telecomunicaciones;14994595.0;6053153.0
;B23017981;23680;524841.0;8.0;alcala la real;hijos de enrique fuentes aguilera sl;nit-ram auditores slp;jaén;25678;356965.0;Productos alimenticios;6269762.0;6053116.0
25.0;B60234853;08030;80869.0;19.0;barcelona;bon llevat sl;;barcelona;25679;32250.0;Productos alimenticios;5821580.0;6053052.0
20.0;B95464038;48011;5960746.0;1.0;bilbao;duna enterprises sl;alvarado garcia carlos agustin;vizcaya;25680;5122188.0;Productos cosméticos / Cuidado Personal;8161380.0;6052769.0
34.0;B32015315;32710;1243253.0;67.0;pereiro de aguiar;mecanizados rodriguez fernandez sl;rodriguezcuervo ernesto;ourense;25681;570565.0;Automotor;5489813.0;6052410.0
29.0;A32108292;32911;173457.0;15.0;san ciprian de viñas;cibrauto sa;iglesias vazquez amando;ourense;25682;76212.0;Automotor;5759756.0;6052093.0
45.0;A50028661;50660;-241996.0;44.0;tauste;tauste ganadera sa;saminera catalano aragonesa;zaragoza;25683;-1425728.0;Agricultura;5735013.0;6052049.0
7.0;B86232170;28013;110000.0;62.0;madrid;prisa gestion de servicios sl;promotora de informaciones sa;madrid;25684;78000.0;Consultoría empresarial y otros;3658000.0;6052000.0
30.0;B14343560;14800;45685.0;;priego de cordoba;aceites barranco la palma sl;acr audian auditores slp;córdoba;25685;16677.0;Productos alimenticios;7714141.0;6051771.0
33.0;A15069198;15968;136574.0;16.0;ribeira;estacion de servicio santa eugenia sa;figueiras marcos maria isabel;coruña;25686;99486.0;Minoristas (excepto alimentos y medicamentos);6668260.0;6051509.0
;A08283061;08008;2329276.0;;barcelona;macana sa;construccionesinmobiliarias teyma dos sl;barcelona;25687;1302350.0;Alojamiento y casinos;5216189.0;6051256.0
29.0;A58996992;08504;321271.0;13.0;sant julia de vilatorta;suministros de carnes y despojos dieter blum sa;inex 2000 sl;barcelona;25688;109689.0;Productos alimenticios;5924773.0;6051181.0
;B08807158;08739;889978.0;24.0;subirats;bodegues sumarroca sl;puig subirana josep;barcelona;25689;85754.0;Bebidas y Tabaco;5937058.0;6050504.0
;B78096203;28004;365377.0;381.0;madrid;escuela de musica creativa sl;caro galan amelia;madrid;25690;114052.0;Gobierno / Estado;5894470.0;6050371.0
;A13027222;13700;185570.0;17.0;tomelloso;alquiman sa;jurado mayordomo amparo;real;25691;31642.0;Automotor;5748784.0;6050278.0
33.0;A21028568;21005;754708.0;;huelva;pesca y frigorificos del mar sa;moreno benitez josefa;huelva;25692;610352.0;Productos alimenticios;6460018.0;6050178.0
;B62879408;08734;1284439.0;63.0;olerdola;la granja foods 1959 sl;barcelona auditors slp;barcelona;25693;903219.0;Productos alimenticios;5352640.0;6049652.0
37.0;A50068477;50196;444072.0;24.0;la muela;confecciones oroel sa;del corral martin luis-miguel-aurelio;zaragoza;25694;100824.0;Ropa / textiles;5229019.0;6049481.0
8.0;B93061133;29670;283294.0;92.0;san pedro alcantara;ven a banus business sl;gonzalez navarro federicocarlos;málaga;25695;113905.0;Servicio de comida;5135024.0;6049027.0
18.0;B62395918;08034;1953000.0;16.0;barcelona;planeta junior sl;prodigius audiovisual sa;barcelona;25696;463000.0;Publicación;4310000.0;6049000.0
18.0;B57022055;07006;1475711.0;78.0;palma de mallorca;barcelo arrendamientos turisticos sl;barcelo tousantonia;baleares;25697;1168179.0;Alojamiento y casinos;5700394.0;6048919.0
27.0;B46934469;46008;222306.0;14.0;valencia;alcalans promotora sl;martinez dura salvador;valencia;25698;160391.0;Construcción y Desarrollo;3872985.0;6048804.0
14.0;B31813843;31191;5440142.0;;cendea de galar;adania patrimonio sl;lizarraga echeverria juan antonio;navarra;25699;2143374.0;Inmobiliarias y similares;5278371.0;6047719.0
36.0;A08779563;08291;778428.0;25.0;ripollet;lerrasa hidraulica sa;leon porcuna francisco;barcelona;25700;276507.0;Productos alimenticios;6708255.0;6046378.0
;A78044005;28046;158345.0;;madrid;comercial ibero americana sa;carrillo gonzalez cruz maritza;madrid;25701;148790.0;Bebidas y Tabaco;4404612.0;6044480.0
59.0;B48030548;48100;104123.0;;mungia;goimar sl;goicoechea zabala jose antonio;vizcaya;25702;49657.0;Productos alimenticios;6645144.0;6044413.0
;B97190615;46240;226943.0;;carlet;velyen elevacion y engrase sl;perez barbera vicente;valencia;25703;108191.0;Equipos industriales;5599974.0;6043988.0
32.0;A78357001;28108;;39.0;alcobendas;t f artes graficas sa;gervilla marquez mariaangeles;madrid;25704;;Publicación;6043835.0;
22.0;B81507097;28806;120642.0;46.0;alcala de henares;onventanas energy saver windows sl;quality research sl;madrid;25705;-95528.0;Equipamiento industrial en metal;7581243.0;6043532.0
;B07610975;07670;304791.0;23.0;portocolom;tocosa sl;c;baleares;25706;146735.0;Construcción y Desarrollo;6214019.0;6043263.0
49.0;A08244808;08279;332176.0;;avinyo;industrias morera sa;morera gobernabernardo;barcelona;25707;254411.0;Ropa / textiles;6336001.0;6043113.0
15.0;B83643692;08020;;58.0;barcelona;david lloyd leisure españa ii sl;patrick james burrows;barcelona;25708;;Productos / actividades de ocio / Películas;6041832.0;
29.0;A49104367;49530;197379.0;;coreses;levira españa sa;gama leao martinho;zamora;25709;122456.0;Muebles para el hogar / Equipar;7096647.0;6041763.0
25.0;B23305683;23001;578447.0;;jaen;maquinaria y servicios garmo sl;garcia hermoso bernabe;jaén;25710;142986.0;Equipos industriales;5279899.0;6041393.0
20.0;B96804885;46988;167528.0;;paterna;congelados mercapeix sociedad de responsabilidad limitada;andreu navarro manuel;valencia;25711;71373.0;Productos alimenticios;5884283.0;6041191.0
33.0;A48183222;48170;;18.0;zamudio;goikarte sa;goicoechea aresti alberto;vizcaya;25712;;Equipos industriales;6040993.0;
18.0;B53466025;03169;227435.0;66.0;algorfa;transportes frigorificos alpe sl;;alicante;25713;173209.0;Transporte terrestre;6784487.0;6040920.0
28.0;A06121354;06110;93271.0;25.0;villanueva del fresn;riosfarias sa;mendez margallo miguel angel;badajoz;25714;39737.0;Minoristas de alimentos / medicamentos;6576628.0;6040607.0
22.0;B35423698;35130;554055.0;;mogan;perfumeria joy sl;mundiaudit s;palmas;25715;301807.0;Minoristas (excepto alimentos y medicamentos);5726642.0;6040250.0
6.0;B86515707;28023;324000.0;70.0;madrid;bravoventure spain sl;cannavale fabio domenicopasqualino;madrid;25716;209000.0;Productos / actividades de ocio / Películas;5146000.0;6040000.0
31.0;A58350125;08181;435075.0;15.0;sentmenat;caldes porc sa;vila malla salvi;barcelona;25717;284521.0;Agricultura;5005199.0;6039812.0
17.0;B62493259;08290;406559.0;62.0;cerdanyola del valles;atecal 2001 sl;martin hidalgo s;barcelona;25718;246480.0;Minoristas (excepto alimentos y medicamentos);6189946.0;6039771.0
36.0;B46185054;46240;205793.0;40.0;carlet;irun de envases sl;embalajes serraenvas sl;valencia;25719;8945.0;Industria maderera;6620859.0;6039387.0
5.0;A86794815;28020;2438528.0;30.0;madrid;savia financiacion sa;hernandez beneyto jose manuel;madrid;25720;861467.0;Intermediarios financieros;5178367.0;6039383.0
5.0;B66122904;28010;-781852.0;48.0;madrid;twin set milano spain sl;maurer barbara;madrid;25721;-1544215.0;Ropa / textiles;6000663.0;6038607.0
10.0;B85519064;28042;649271.0;64.0;madrid;compañia para la comunicacion de bebidas sin alcohol sl;coca-cola iberian partners sa;madrid;25722;486694.0;Consultoría empresarial y otros;5335517.0;6038033.0
57.0;A08082364;08205;41304.0;13.0;sabadell;folgarolas textil sa;garcia balague jose maria;barcelona;25723;20099.0;Ropa / textiles;7607660.0;6037837.0
9.0;B85818706;28030;203785.0;;madrid;integra engineering & consultant sl;martin buendia juanmanuel;madrid;25724;150130.0;Construcción y Desarrollo;1690843.0;6037573.0
9.0;B57613473;07800;307312.0;6.0;ibiza;blemar ibiza sl;blesa fornesjose;baleares;25725;230754.0;Construcción y Desarrollo;5797081.0;6037399.0
;B20723839;20180;469849.0;27.0;oiartzun;bidean garraioak sl;;guipúzcoa;25726;259497.0;Transporte terrestre;5744238.0;6037038.0
25.0;B35347517;35200;;45.0;telde;fransuca sl;mundiaudit s;palmas;25727;;Minoristas (excepto alimentos y medicamentos);6036954.0;
11.0;B64563208;08228;314989.0;;terrassa;additives & surfactants sl;alexander sielmann;barcelona;25728;210030.0;Productos químicos y plásticos;6175037.0;6036651.0
12.0;A47576046;47160;4893965.0;16.0;portillo;autovia de los pinares sa;iridiumconcesiones de infraestructuras sa;valladolid;25729;1280672.0;Transporte terrestre;5725162.0;6036456.0
16.0;B47492731;28100;245232.0;28.0;alcobendas;arys diseño y construccion sl;rosales juega ramon;madrid;25730;99488.0;Construcción y Desarrollo;9152859.0;6035761.0
30.0;B33116898;33180;166870.0;29.0;noreña;frio carne asturias sl;rodriguez menendez maria jesus;asturias;25731;6204.0;Productos alimenticios;5654078.0;6035491.0
;A82661935;28020;565419.0;107.0;madrid;fullstep networks sa;alvarez aguirre jorge;madrid;25732;478450.0;Consultoría empresarial y otros;5875091.0;6035456.0
29.0;A58843731;08110;1493619.0;26.0;montcada i reixac;forbo siegling iberica sa;judith anne ilse margarete ulrike;barcelona;25733;1064559.0;Productos electrónicos / eléctricos;5603594.0;6035402.0
39.0;A29059243;29015;202118.0;102.0;malaga;hospital dr galvez sa;galvez petersen alicia;málaga;25734;-15978.0;Cuidado de la salud;6306684.0;6034525.0
3.0;B66527318;08191;5931895.0;1.0;rubi;m&r precision partssl;nitsch consultoria barcelona sl;barcelona;25735;2898791.0;Inmobiliarias y similares;;6034132.0
29.0;A79204384;28046;5056000.0;;madrid;rei henares logistics sa;metrovacesa sa;madrid;25736;977000.0;Inmobiliarias y similares;5563000.0;6034000.0
28.0;B48440242;48150;898430.0;;sondika;talleres mestraitua sl;mazarredo auditores sociedad limitada;vizcaya;25737;625917.0;Cuidado de la salud;5694133.0;6033789.0
23.0;B07739915;07800;1991971.0;18.0;ibiza;puerto deportivo botafoch sl;mayol comas nicolas;baleares;25738;1180765.0;Inmobiliarias y similares;4803458.0;6033212.0
11.0;B54202866;03203;;;elche;desarrollos y participaciones inmobiliarias 2006 sl;servicios administrativos y de gestion del mediter;alicante;25739;;Inmobiliarias y similares;6033000.0;
15.0;B27295823;27004;108962.0;10.0;lugo;agrorairos veterinaria sl;perez rivera guillermo;lugo;25740;36642.0;Productos fármacos / Medicamentos;6021411.0;6032813.0
16.0;B62895867;08011;280766.0;13.0;barcelona;hotel axel sl;olive ferre albert;barcelona;25741;163314.0;Alojamiento y casinos;5775744.0;6032585.0
31.0;B36046159;36201;418470.0;5.0;vigo;eirasmar sl;gb auditores asociados sl;pontevedra;25742;271114.0;Productos alimenticios;5880608.0;6032186.0
17.0;B53546040;03004;412057.0;24.0;alicante (alicante/alacant);urbana de exteriores sl;saez blaya pedro;alicante;25743;122044.0;Construcción y Desarrollo;7867935.0;6032033.0
15.0;B12615134;12006;815237.0;27.0;castellon;cima ceramica sl;beltran albert maria del carmen;castellón;25744;503942.0;Construcción y Desarrollo;5535715.0;6031933.0
5.0;B86785268;28046;154999.0;7.0;madrid;automoviles luxemotor sl;garcia ramirez miguel;madrid;25745;112374.0;Automotor;5940006.0;6031852.0
36.0;A29081627;29640;2759219.0;44.0;fuengirola;helle auto sa;helle holger;málaga;25746;805915.0;Automotor;5308499.0;6031341.0
4.0;B86917309;28923;248240.0;4.0;alcorcon;breas medical sl;zhao richard yang;madrid;25747;173052.0;Cuidado de la salud;5299898.0;6031001.0
;B12560967;12530;70397.0;;burriana;citruship sl;nulexport coop;castellón;25748;549.0;Transporte marítimo;8019363.0;6030915.0
10.0;B27387349;27559;;;taboada-lugo;lacteos casa macan sl;rigueira sobradoeladio;lugo;25749;;Productos alimenticios;6029792.0;
;B82909391;31008;2691032.0;;pamplona;professional buying & logistics services sl;elizalde auditores slp;navarra;25750;1646157.0;Consultoría empresarial y otros;6541921.0;6029170.0
;B13239025;13730;348791.0;49.0;santa cruz de mudela;conservas huertas muñoz sl;huertas muñoz jose manuel;real;25751;114023.0;Productos alimenticios;5625705.0;6028826.0
;A62733621;08908;3303068.0;1.0;hospitalet de llobregat;dl iberica equiprent sa;rainer weis;barcelona;25752;1716204.0;Equipos industriales;11596373.0;6028787.0
;B82758814;28942;243487.0;16.0;fuenlabrada;disace energia sl;romero hurtado antonio;madrid;25753;142764.0;Productos electrónicos / eléctricos;8339449.0;6028780.0
20.0;B11433331;11170;;13.0;medina sidonia;jose y vicente guerrero perez sl;guerrero bravo sergio;cádiz;25754;;Productos alimenticios;6028503.0;
38.0;B41071309;47005;1748331.0;68.0;valladolid;fresenius medical care services castilla y leon sl;greco marco;valladolid;25755;974178.0;Cuidado de la salud;6287070.0;6027424.0
4.0;B90164153;41927;246437.0;;mairena del aljarafe;many colors group sl;regattieri dario;sevilla;25756;178066.0;Utilities / Servicios de utilidad pública;2561616.0;6027382.0
21.0;B26261669;31589;;36.0;sartaguda;ecovinal sl;justa remirez silvia;navarra;25757;;Productos alimenticios;6026980.0;
18.0;B37368024;37009;133546.0;10.0;salamanca;pieles monte boyal sl;;salamanca;25758;63323.0;Ropa / textiles;6781359.0;6026732.0
;A12029195;12540;;49.0;vila-real;dolores font cortes sa;colomer ferrandiz jose vicente;castellón;25759;;Ropa / textiles;6026697.0;
5.0;B09544552;09005;631423.0;199.0;burgos;prevennova seguridad y salud sl;pieris nova sl;burgos;25760;375427.0;Consultoría empresarial y otros;4207973.0;6025953.0
95.0;A08008153;17451;361055.0;66.0;sant feliu de buixal;printing&forming metal technologies sa;enrique farell rovira;girona;25761;60664.0;Metales no ferrosos / minerales;6242514.0;6025731.0
21.0;B02243392;02007;828993.0;12.0;albacete;albacete agricola sl;asesores y consultores financierosindependientes;albacete;25762;595863.0;Agricultura;6157275.0;6025585.0
18.0;A82462938;28020;;47.0;madrid;momentive specialty chemicals barbastro sa;ruijgt adrianus franciscus maria;madrid;25763;;Productos químicos y plásticos;6025576.0;
28.0;A29429990;29590;;13.0;malaga;parque tecnologico de andalucia sa;ruiz espejo jose luis;málaga;25764;;Inmobiliarias y similares;6025360.0;
;B38099370;38720;799883.0;36.0;san andres y sauces;comercial fraper sl;hernandez concepcion carlos alfredo;tenerife;25765;540318.0;Minoristas (excepto alimentos y medicamentos);5871124.0;6025019.0
21.0;A41828120;41005;-6917345.0;;sevilla;via gestion de activos sa;galvez rico antoniomiguel;sevilla;25766;-6805717.0;Inmobiliarias y similares;11793211.0;6024596.0
15.0;B83530600;28033;2763156.0;;madrid;alantel soluciones araucaria sl;fernandez gonzalez jose;madrid;25767;2013699.0;Inmobiliarias y similares;6876346.0;6024340.0
30.0;A17040361;17006;93690.0;31.0;girona;gersal sa;fernandoescofet bofill;girona;25768;40245.0;Construcción y Desarrollo;6277111.0;6023448.0
;B35075001;35550;363563.0;18.0;san bartolome;estacion de servicio mozaga sl;;palmas;25769;232638.0;Minoristas (excepto alimentos y medicamentos);6068552.0;6023414.0
27.0;A59706556;08510;390999.0;;roda de ter;feixas aulet distribucio sa;feixas aulet francesc;barcelona;25770;287858.0;Petróleo y gas;7188447.0;6023375.0
;B50875897;50410;35193.0;161.0;cuarte de huerva;nuevas tecnologias de catering sl;antolin garcia miguel;zaragoza;25771;-3408.0;Servicio de comida;6376391.0;6023055.0
24.0;B80974850;28320;;26.0;pinto;contracolados del centro sl;agenjo dorado alejandra rosalia;madrid;25772;;Industria maderera;6022867.0;
;A13021126;13420;586777.0;21.0;malagon;conservas huertas sa;huertas linaresenrique jose;real;25773;227781.0;Productos alimenticios;5566896.0;6022685.0
;B20196630;20006;137969.0;92.0;donostia-san sebastian;academia lacunza sl;lacunza oyarbide francisco javier;guipúzcoa;25774;122460.0;Otros / varios;5696723.0;6022108.0
33.0;A33061995;33207;1520117.0;;gijón;asturplay sa;tresguerres riestra manuel angel;asturias;25775;758978.0;Productos / actividades de ocio / Películas;5557756.0;6020571.0
76.0;A29900016;52006;296923.0;17.0;melilla;abastecedora de alhucemas sa;rodriguez boixfrancisco javier;melilla;25776;189825.0;Minoristas de alimentos / medicamentos;6035294.0;6020175.0
7.0;B98400302;46200;;1.0;paiporta;new overshadow sl;casanova calabuig maria teresa;valencia;25777;;Minoristas (excepto alimentos y medicamentos);6020002.0;
4.0;B72255102;11310;542710.0;23.0;san roque;aguas del valle del guadiaro sl;valoriza agua sl;cádiz;25778;231529.0;Construcción y Desarrollo;6117188.0;6019709.0
;B92000140;29196;167455.0;14.0;malaga;distribuciones alimentarias mercasur sl;;málaga;25779;59306.0;Productos alimenticios;6366109.0;6019471.0
56.0;A28110666;11310;-2572000.0;19.0;san roque;sotogrande sa;minguez barbero isidoro;cádiz;25780;-9292000.0;Inmobiliarias y similares;11353000.0;6019000.0
30.0;B41241431;41008;;66.0;sevilla;verdiales sl;andreu vila jordi;sevilla;25781;;Productos / actividades de ocio / Películas;6018468.0;
22.0;B36263564;36005;89963.0;24.0;poio;constructora ediserpo sl;aguete estevez aquilino;pontevedra;25782;6020.0;Construcción y Desarrollo;4006623.0;6018234.0
24.0;B07657042;07816;307208.0;18.0;san rafael;distribuciones pineda montiel sl;pineda montiel agustin;baleares;25783;60340.0;Productos alimenticios;5438188.0;6017997.0
18.0;B62431838;43840;5138000.0;1.0;salou;hotel caribe resort sl;federsergio;tarragona;25784;2690000.0;Alojamiento y casinos;6774000.0;6017000.0
34.0;A15064546;15706;205080.0;76.0;santiago;gallega de mecanizados electronicos sa;bescansa de la gandara ramon;coruña;25785;-211659.0;Productos electrónicos / eléctricos;6877437.0;6016740.0
34.0;A15053572;15622;30834.0;;cabañas;motorkar sa;rodriguez bollo javier angel;coruña;25786;5740.0;Automotor;6216027.0;6016606.0
32.0;A17102740;17600;254923.0;93.0;figueres;figueres de serveis sa;marta feliptorres;girona;25787;53882.0;Utilities / Servicios de utilidad pública;5923669.0;6016355.0
25.0;B33777780;33211;-402953.0;;gijon;transportes jesus gil e hijos sl;;asturias;25788;-371397.0;Transporte terrestre;5881593.0;6016219.0
43.0;B39014022;39300;-127748.0;27.0;torrelavega;ramon gonzalez y hermanos sl;gonzalez rosalia angel;cantabria;25789;-175489.0;Automotor;6158227.0;6015985.0
36.0;A07085806;07800;861316.0;;santa eulalia;ca na negreta sa;moreno riera andres;baleares;25790;480252.0;Metales no ferrosos / minerales;6222069.0;6015649.0
13.0;B63751077;08224;350661.0;7.0;terrassa;speed pack europe sl;bosch alvarez juan miguel;barcelona;25791;156074.0;Transporte terrestre;6360238.0;6015636.0
14.0;B63566780;08030;38572.0;14.0;barcelona;panel plac distribuidora sl;del campo casse daniel;barcelona;25792;18089.0;Productos químicos y plásticos;5042729.0;6015495.0
;B62202460;08700;2819618.0;35.0;igualada;intesis software sl;carl staffan dahlstrom;barcelona;25793;2128154.0;Consultoría empresarial y otros;5583750.0;6015136.0
45.0;B49003981;49151;553848.0;46.0;casaseca de las chanas;bodegas fariña sl;fariña lopez elvira;zamora;25794;14993.0;Bebidas y Tabaco;5995888.0;6014716.0
23.0;B60991650;08210;172670.0;44.0;barbera del valles;acustica integral sl;galofre ferrerons pedro;barcelona;25795;1673.0;Construcción y Desarrollo;5821638.0;6014680.0
27.0;B36737401;36416;2374653.0;209.0;mos;hixiene-s sl;faro noroeste de servicios sl;pontevedra;25796;2273800.0;Equipos y servicios comerciales;5948131.0;6013969.0
19.0;B21274899;21800;616971.0;;moguer;transportes francisco cordero e hijos sl;marquez morenomanuela;huelva;25797;61590.0;Transporte terrestre;5921531.0;6013759.0
14.0;B83919506;28027;722552.0;209.0;madrid;tria global service sl;arribalzaga totorica iñigo;madrid;25798;539792.0;Consultoría empresarial y otros;4149181.0;6013715.0
21.0;B05146477;05295;65312.0;;velayos;agro monteagudo sl;;ávila;25799;115029.0;Agricultura;6774403.0;6013558.0
16.0;B62835913;08980;145197.0;36.0;sant feliu llobregat;plating decor recubrimientos sl;alsina valenti jorge;barcelona;25800;31085.0;Minoristas (excepto alimentos y medicamentos);6177905.0;6013013.0
23.0;B60861119;08021;65682.0;;barcelona;isern patentes y marcas b sl;jara alvarez de sotomayor nuria;barcelona;25801;48175.0;Consultoría empresarial y otros;6058810.0;6012983.0
9.0;B02488187;02400;148557.0;9.0;hellin;operador de transportes delotser sl;alguacil garcia jose;albacete;25802;37241.0;Transporte terrestre;;6012304.0
24.0;B25323759;25216;451262.0;20.0;sant ramon;explolifel sl;oliva oliva ramon;lleida;25803;28243.0;Agricultura;5297989.0;6011556.0
31.0;A78640471;08006;411165.0;26.0;barcelona;tiempo bbdo sa de publicidad;alessia francescutti;barcelona;25804;2483255.0;Consultoría empresarial y otros;7066644.0;6011486.0
18.0;B82509936;28028;177235.0;138.0;madrid;previlabor 365 sl;baruma sl;madrid;25805;-210460.0;Consultoría empresarial y otros;5498547.0;6010895.0
7.0;B65660656;08005;313844.0;81.0;barcelona;camalize sl;farrero venturessl;barcelona;25806;39637.0;Consultoría empresarial y otros;4564880.0;6010797.0
9.0;B85727188;28001;555655.0;28.0;madrid;euro-funding advisory group sl;rodellas clapes andres;madrid;25807;424731.0;Consultoría empresarial y otros;4518920.0;6010639.0
11.0;B64724131;08174;450058.0;93.0;sant cugat del valles;verticales intercom sl;silpricot sl;barcelona;25808;241234.0;Consultoría empresarial y otros;7527478.0;6009795.0
11.0;B39651252;39600;369440.0;48.0;el astillero;ferrallas hipremon sl;del rivero martinez carlos;cantabria;25809;148102.0;Equipamiento industrial en metal;5742139.0;6008893.0
32.0;B33088980;33012;101519.0;26.0;oviedo;regueira asturias sl;regueira otero ramon carlos;asturias;25810;17764.0;Automotor;5305964.0;6008513.0
12.0;A64198187;08011;;11.0;barcelona;copywrite europe group sa;palau montañana juan;barcelona;25811;;Minoristas (excepto alimentos y medicamentos);6008426.0;
13.0;B64015381;28006;4318093.0;;madrid;parque eolico turo del magre sl;gerardus johannes schipper;madrid;25812;1041623.0;Utilities / Servicios de utilidad pública;5934750.0;6008237.0
31.0;A22039374;22197;452958.0;56.0;huesca;eboca vending labs sa;benito pertusa raul;huesca;25813;-6189.0;Minoristas de alimentos / medicamentos;5190234.0;6008021.0
27.0;B18284307;18100;650515.0;54.0;armilla;recisur sl;rodriguez torres antonio;granada;25814;151437.0;Servicios & Equipos Ecológicos;5947653.0;6007992.0
35.0;B46206256;46250;728544.0;;alcudia  l';mipesa mecanizados sl;miquel llorens paula;valencia;25815;304608.0;Equipos industriales;5608091.0;6007906.0
31.0;B26055459;26580;567939.0;37.0;arnedo;calzados h2o sl;garcia perez-aradros basilio;rioja;25816;206440.0;Ropa / textiles;5997077.0;6007388.0
50.0;A07019235;07800;1764379.0;4.0;ibiza;ritusa sa;serra tur antonio;baleares;25817;1166185.0;Alojamiento y casinos;5360583.0;6007179.0
3.0;B87185419;28010;186753.0;4.0;madrid;comunicaciones viber sl;manik manik chetan;madrid;25818;150708.0;Productos electrónicos / eléctricos;2865419.0;6007156.0
31.0;A26060897;26580;70992.0;23.0;arnedo;calzados evori sa;ortigosa calvo enrique;rioja;25819;-13803.0;Ropa / textiles;8225693.0;6007067.0
30.0;A79008587;28970;141933.0;21.0;humanes de madrid;dohe sa;hedo cabrero alejandro;madrid;25820;44435.0;Minoristas (excepto alimentos y medicamentos);7210394.0;6006972.0
5.0;B86691102;28009;503806.0;12.0;madrid;proyecto europa servicios turisticos sl;anton rodriguez maria olga;madrid;25821;206833.0;Productos / actividades de ocio / Películas;5706642.0;6006554.0
35.0;B15053507;15006;75510.0;8.0;coruña a;toribio ferrero e hijos sl;;coruña;25822;13232.0;Productos alimenticios;5639562.0;6006419.0
11.0;B12744181;12320;396434.0;1.0;san jorge;fores brico sl;fores raga maria;castellón;25823;309227.0;Muebles para el hogar / Equipar;5099118.0;6006200.0
;B82129800;28290;-30209.0;111.0;las matas;keyrus spain sl;keyrus sa;madrid;25824;-45845.0;Consultoría empresarial y otros;5440937.0;6006192.0
28.0;B11233244;11500;141071.0;10.0;puerto santa maria;melgarejo e hijos sl;melgarejo osborne maria victoria;cádiz;25825;43774.0;Bebidas y Tabaco;5753970.0;6006072.0
;B41300443;41710;88109.0;716.0;utrera;dulces valero sl;valero lopez joaquin;sevilla;25826;57315.0;Productos alimenticios;6710141.0;6006046.0
;B22009393;22520;273011.0;47.0;fraga;salleras hermanos sl;salleras moliner maria carmen;huesca;25827;95416.0;Construcción y Desarrollo;5351718.0;6005933.0
5.0;B99388100;50014;28298.0;4.0;zaragoza;a m p z zaragoza spain sl;torralba lopez juan jose;zaragoza;25828;17204.0;Productos alimenticios;5353060.0;6005880.0
30.0;A58671793;08130;396063.0;42.0;santa perpetua de la mogo;controlsa sa;lopez garcia ana maria;barcelona;25829;53935.0;Productos electrónicos / eléctricos;5272294.0;6005712.0
24.0;B81032948;28027;100873.0;25.0;madrid;grupo rioja asdrubal sl;lozano molto oscar;madrid;25830;34161.0;Productos electrónicos / eléctricos;5409195.0;6005197.0
23.0;B31546112;31119;38859.0;;imarcoain;bat imarcoain sl;garraus manterolasantiago martin;navarra;25831;2509.0;Transporte aéreo;6009444.0;6004950.0
45.0;A23052020;23400;103189.0;11.0;ubeda;burgos salaverry sa;burgossalaverry de la torre tomas javier;jaén;25832;1777.0;Agricultura;5424168.0;6003810.0
32.0;A03212586;03800;692256.0;39.0;alcoi;mecanizados alcoy sa;delgado rico miguel;alicante;25833;298339.0;Equipos industriales;6637481.0;6003711.0
;B17100868;17469;136564.0;;vilamalla;llibres text sl;nuria serrat murio;girona;25834;23295.0;Publicación;6027888.0;6003584.0
27.0;B80183429;28830;216637.0;;san fernando de henares;inmarepro sl;perez garcia maria peñitas;madrid;25835;118057.0;Equipamiento industrial en metal;5946936.0;6003355.0
18.0;B96966601;46026;180699.0;;valencia;desarrollo e ingenieria de sistemas electrotecnicos y comunicaciones sl;alarcon ramirez francisco;valencia;25836;21432.0;Productos electrónicos / eléctricos;5611294.0;6003149.0
;B82649047;28035;398507.0;;madrid;kabel sistemas de informacion sl;auditrust auditores slp;madrid;25837;27324.0;Consultoría empresarial y otros;4180291.0;6002466.0
;B18244301;18005;289522.0;;granada;ofilingua sl;fernandez monedero melchor carlos jesus;granada;25838;188629.0;Minoristas (excepto alimentos y medicamentos);2401506.0;6002383.0
;B06505606;06400;199875.0;47.0;don benito;capilla fabricacion maquinaria agricola sl;casimiro capilla martin;badajoz;25839;81169.0;Equipos industriales;5925342.0;6002314.0
53.0;B08197618;08230;113314.0;70.0;matadepera;promocion de escuelas sl;ricart capmany pere;barcelona;25840;6580.0;Gobierno / Estado;5451363.0;6002176.0
;A81633018;28760;-911000.0;63.0;tres cantos;guascor servicios sa;arriero garcia oscar juan;madrid;25841;-1916000.0;Utilities / Servicios de utilidad pública;5276000.0;6002000.0
13.0;B05189824;05004;192578.0;12.0;avila;carnicas davila sl;rodriguez pascual luis;ávila;25842;20117.0;Productos alimenticios;5622621.0;6001241.0
4.0;B98675655;46190;318548.0;95.0;ribarroja del turia;hold baby plant sl;grupo alimentario citrus sl;valencia;25843;226821.0;Agricultura;6363159.0;6001124.0
35.0;A43049501;08860;1008213.0;99.0;castelldefels;serveis reunits sa;pintado cruz natividad;barcelona;25844;579651.0;Servicios & Equipos Ecológicos;5994617.0;6001119.0
;B62607858;08279;774278.0;42.0;terrassa;filtros industriales sl;badrinas marcet maria jose;barcelona;25845;344033.0;Ropa / textiles;5222025.0;6001071.0
7.0;B65688087;08912;;23.0;badalona;corte multiprecio sl;daoxin wu;barcelona;25846;;Minoristas (excepto alimentos y medicamentos);6000896.0;
77.0;A48012801;28015;-22622.0;;madrid;alvamar sa;gomez de la flor delfin;madrid;25847;-37590.0;Productos alimenticios;4739575.0;6000790.0
41.0;B04008710;30800;105242.0;30.0;lorca;granja maripepa sl;maria dolores garcia roldan;murcia;25848;9882.0;Productos alimenticios;5551381.0;6000755.0
62.0;B28075729;28020;449753.0;10.0;madrid;carpinteria la navarra sl;larragueta follana ines;madrid;25849;306921.0;Industria maderera;8146855.0;6000634.0
41.0;A08450892;08720;275523.0;51.0;vilafranca del penedes;electrica guell sa;guell larios joan;barcelona;25850;99000.0;Productos electrónicos / eléctricos;6770629.0;6000489.0
